id_pedido,categoria_producto,precio_producto_cop,descuento_pct,dias_entrega,calificacion_producto,num_resenas_producto,antiguedad_cliente_meses,compras_12m,devoluciones_previas_12m,metodo_pago,envio_express,descripcion_completa,compatibilidad_expectativa_1_10,satisfaccion_postcompra_1_10,devuelve_producto
1,belleza,66035,8.5,3.2,5,34,33,12,2,tarjeta,0,1,9.4,8.5,0
2,deporte,273397,23.7,3,5,49,67,12,0,pse,0,1,,10,0
3,tecnologia,243399,24.5,1.5,4.41,50,55,7,3,contraentrega,1,1,8.6,10,1
4,moda,216341,19.6,4,4.65,85,50,6,4,tarjeta,1,1,6.4,9.3,1
5,hogar,44174,19.5,2,3.81,16,54,9,3,billetera,0,1,6.7,9,0
6,moda,386260,26.2,4.6,4.17,31,10,14,0,tarjeta,1,1,7.3,8.5,0
7,moda,67303,2.8,2.2,3.98,56,70,7,2,billetera,0,1,10,8.2,0
8,moda,23348,10.2,4,4.68,29,46,11,0,pse,0,0,8.9,10,0
9,tecnologia,132673,17.6,4.1,4.97,19,38,9,0,tarjeta,0,1,10,8.6,0
10,moda,608599,4.3,1.4,4.39,35,31,7,2,contraentrega,1,1,8.5,8.8,0
11,belleza,189122,8.7,5,4.08,57,71,8,1,tarjeta,0,1,6.9,7.2,0
12,moda,170645,16.2,2.6,3.38,169,27,7,0,tarjeta,0,1,5.2,9.4,1
13,deporte,290092,32.1,4.5,4.7,31,6,5,0,tarjeta,1,0,7,10,0
14,hogar,36582,25.1,3,5,166,6,6,1,tarjeta,0,1,4.4,9,0
15,hogar,151529,19.9,2.2,4.35,71,52,6,2,contraentrega,0,0,8.5,8,1
16,belleza,37414,6.6,3.7,4.34,14,35,7,1,tarjeta,0,1,,9.1,1
17,deporte,947727,14.7,3.5,4.55,26,69,8,2,tarjeta,0,1,9.4,8.1,0
18,tecnologia,509111,11.9,3,3.69,62,8,9,3,contraentrega,0,1,10,9.8,0
19,belleza,50964,5.8,5.5,4.35,22,7,7,0,pse,0,1,9.3,9.1,1
20,moda,115468,2.7,3.5,4.71,24,67,9,1,billetera,0,1,8,9.6,1
21,deporte,225896,14,5.1,3.65,61,40,8,1,tarjeta,0,1,7.5,8.6,1
22,hogar,98937,9.1,2.8,4.61,71,18,5,1,pse,0,1,8.6,7.8,0
23,moda,53819,22.5,2,3.57,163,51,9,1,tarjeta,1,1,7.7,10,1
24,deporte,301126,34.1,6.5,4.55,597,29,9,0,billetera,0,1,6,8.9,1
25,tecnologia,216311,12.6,3.8,4.14,42,2,13,3,billetera,0,1,7.8,9.8,0
26,hogar,263690,5.3,3.8,4.02,84,23,7,1,contraentrega,0,1,7.2,8.7,0
27,belleza,364049,13.6,2.5,4.24,68,31,11,2,pse,0,1,9.4,10,0
28,hogar,315367,2.1,3,4.55,159,59,9,0,contraentrega,0,1,8,9.3,0
29,moda,225829,16.5,4.4,5,5,28,9,1,billetera,0,1,8.9,9.4,0
30,moda,73390,7.6,5.5,4.6,289,23,1,0,tarjeta,1,1,7.5,10,1
31,moda,74765,25.8,3,4.4,39,26,9,0,billetera,1,1,7.5,9.4,0
32,tecnologia,107513,12.2,3.6,4.27,34,40,9,0,tarjeta,0,1,8.2,9.2,0
33,hogar,290927,20,2.7,4.27,739,30,4,1,pse,0,1,7.5,10,0
34,moda,222534,3.4,8.4,4.06,29,71,8,0,tarjeta,1,1,8.9,8.2,0
35,tecnologia,271700,18.4,3.7,4.38,28,63,13,1,pse,0,1,8.3,10,0
36,hogar,362501,33.9,4.9,4.04,16,13,4,1,billetera,0,1,6.4,8.9,0
37,tecnologia,35547,13.5,6,3.5,71,25,6,3,billetera,0,1,10,8.1,0
38,deporte,1060378,10.8,8,4.2,40,46,6,0,pse,0,0,7.2,7.5,0
39,deporte,62111,23,5.5,4.66,30,69,9,1,contraentrega,1,1,6.9,8.5,1
40,deporte,166215,13.6,2,3.93,33,69,8,2,pse,0,1,7.6,9.9,0
41,moda,72179,19.3,3.1,4.68,161,65,7,2,pse,1,1,5.1,9.9,0
42,belleza,126904,14.5,2.2,4.33,17,34,8,2,billetera,1,1,9.3,10,1
43,tecnologia,222041,26.6,2.6,4.11,78,9,2,3,billetera,0,1,6.7,9.5,1
44,deporte,95800,9.1,4.8,4.2,88,36,8,0,billetera,0,1,7.7,8,1
45,tecnologia,1420112,23.1,3.9,,141,36,9,0,tarjeta,0,1,8.1,8.9,0
46,belleza,247079,10.6,3.8,5,32,60,4,0,billetera,0,1,7.5,10,1
47,moda,198290,5.5,2.5,4.62,235,62,11,0,billetera,0,1,6.4,9.3,0
48,moda,341419,25.8,3.4,4.82,44,45,6,0,tarjeta,1,1,8.6,8.3,0
49,tecnologia,143087,12.1,3.2,4.57,97,43,2,2,pse,0,1,7.2,10,0
50,moda,91939,2.8,1.2,3.96,18,67,5,0,tarjeta,1,1,10,10,1
51,moda,213636,5.2,6.3,4.61,10,53,4,3,tarjeta,1,0,9.4,8.3,0
52,hogar,440584,22.8,3.5,3.79,110,15,5,2,billetera,0,1,8.4,9.4,0
53,hogar,201190,8.9,1.4,4.04,24,18,7,0,pse,1,1,6.5,10,0
54,moda,155845,4.9,4.2,3.63,51,46,9,0,billetera,1,1,9.1,10,0
55,hogar,210964,26.8,6.9,3.97,132,44,11,0,billetera,0,1,7.5,7.6,0
56,hogar,146660,7.7,8.6,4.58,8,33,9,0,tarjeta,0,1,8.3,8,1
57,tecnologia,520397,12.7,6.4,3.58,142,23,7,0,contraentrega,0,0,6.4,7.4,1
58,belleza,182554,25.6,13.1,4.37,11,9,5,0,billetera,0,1,9.7,7.3,0
59,deporte,181732,12.1,4.3,4.21,145,48,6,1,billetera,0,1,8.7,8.3,1
60,hogar,447845,19.9,3,4.69,146,50,5,2,contraentrega,1,1,7.8,8.9,0
61,deporte,117504,5.8,5,4.48,58,38,9,1,billetera,0,1,7.1,10,1
62,hogar,99810,2.6,3.9,3.68,253,14,7,2,tarjeta,1,1,7.6,8.5,0
63,moda,142305,34.3,5.1,4.28,116,28,7,2,contraentrega,1,1,8.7,8.8,0
64,moda,525919,27.4,1.9,4.27,169,49,7,0,billetera,1,0,9,9.4,0
65,hogar,116670,11.6,3.1,3.98,109,31,12,2,tarjeta,1,1,7.4,8.5,1
66,tecnologia,282519,1.5,1.8,4.11,77,3,3,1,tarjeta,0,1,6.1,10,0
67,deporte,166407,14.6,3.5,4.35,4,63,8,2,tarjeta,1,1,7.5,8.9,0
68,tecnologia,316813,8.2,4,4.06,4,61,6,0,contraentrega,0,1,6.8,9.5,0
69,tecnologia,743355,19.8,10.9,3.62,26,68,9,2,billetera,0,1,8.7,9.1,0
70,tecnologia,148709,18,4.7,3.87,30,70,6,1,tarjeta,0,1,7.7,10,0
71,tecnologia,36614,25.3,4.2,4.25,45,31,9,3,pse,0,1,7.5,9,0
72,belleza,60998,20.9,4,3.95,234,36,3,1,tarjeta,0,0,7.9,9.6,1
73,hogar,116090,16.6,4.3,4.36,20,2,9,0,pse,0,1,10,10,0
74,belleza,155800,2.1,5.7,3.75,20,68,10,2,tarjeta,0,1,6,8.2,1
75,moda,551379,15.5,7.4,4.54,14,23,9,4,tarjeta,0,1,10,7.3,0
76,hogar,51265,4.9,6.1,4.26,60,57,12,2,billetera,1,1,9.8,8.2,0
77,moda,653649,23.6,5,4.16,82,5,8,1,pse,1,1,6.4,8.2,0
78,hogar,460849,4.4,3.3,4.84,45,53,2,0,pse,0,1,10,8.8,0
79,deporte,55038,42.2,10.7,4.66,73,39,2,1,tarjeta,1,0,4.8,7.4,1
80,deporte,122953,5.6,1.5,3.97,41,32,11,2,pse,0,1,7.6,10,0
81,hogar,21184,10.6,1.5,4.12,53,55,2,2,tarjeta,0,1,7,8.8,1
82,hogar,359266,21.1,3,4.4,126,15,7,2,pse,1,1,7.1,9.2,0
83,deporte,40757,17.6,5.1,4.01,19,35,10,1,tarjeta,0,1,10,10,0
84,hogar,200075,24.9,2,4.54,63,26,10,0,tarjeta,0,1,6,10,1
85,moda,290681,16.6,5.6,4.22,15,52,8,0,pse,1,1,8.9,8.6,0
86,belleza,260748,13.8,2.8,5,13,24,8,0,tarjeta,0,1,8.2,8.8,0
87,hogar,727341,14.2,10,3.9,18,53,4,0,tarjeta,0,0,10,8.3,0
88,belleza,125424,27.2,3.9,4.48,18,23,7,1,contraentrega,0,1,10,10,0
89,deporte,497906,13.1,1.4,4.31,58,47,4,1,tarjeta,1,1,10,10,0
90,hogar,214811,5.7,3.8,4.75,56,12,5,0,billetera,1,1,8.7,10,0
91,tecnologia,266475,5,3.3,3.46,16,42,7,2,pse,1,1,8.8,10,0
92,moda,252202,1.4,5.8,4.69,140,57,9,1,tarjeta,0,1,10,9.3,0
93,deporte,123963,18,3.9,4.8,399,48,8,0,billetera,0,1,10,10,1
94,moda,203255,22.9,2,4.27,107,45,9,0,tarjeta,0,1,8.3,7.8,0
95,moda,227425,4.2,3.9,4.85,291,52,2,0,tarjeta,0,1,9.8,10,0
96,hogar,195462,20.2,4.5,4.16,13,30,6,1,tarjeta,1,0,9.6,6.6,0
97,tecnologia,166619,8.6,3.2,4.94,56,22,8,1,pse,0,1,9.9,9.5,0
98,moda,94227,15.7,3.3,3.69,25,43,6,0,contraentrega,0,1,8.4,7.8,0
99,deporte,520582,1.7,5.6,3.54,192,61,7,1,tarjeta,1,1,8.9,8.4,0
100,belleza,83472,27,5,4.62,43,54,10,1,contraentrega,1,1,7.6,8.1,0
101,tecnologia,723527,10.8,2.3,3.85,17,67,11,3,tarjeta,1,0,6.8,9.4,0
102,belleza,258782,4.1,5.3,4.89,37,70,9,0,tarjeta,1,1,7.3,9.1,0
103,deporte,1565047,5.4,4.1,4.21,125,32,6,1,pse,0,1,10,10,0
104,tecnologia,77126,26.7,2.9,4.16,231,43,11,1,tarjeta,0,1,9.5,10,0
105,belleza,132655,16.7,5.9,4.11,280,65,10,1,pse,0,1,,8.2,1
106,hogar,592934,20.8,2.7,3.17,149,3,9,0,contraentrega,0,0,7.6,8.7,0
107,moda,166065,27,2.5,4.33,61,71,8,2,billetera,1,1,8.5,8.9,0
108,hogar,63914,15.9,3.1,4.17,48,22,5,1,tarjeta,0,1,7.6,7.7,0
109,tecnologia,255818,17.9,3.9,4.29,71,28,6,0,pse,0,1,9.3,10,0
110,deporte,119076,2.4,1.9,4.42,125,23,8,2,billetera,0,1,10,10,0
111,deporte,221361,14,7.1,4.19,57,70,8,1,billetera,1,1,9.8,8.1,0
112,belleza,134906,14.6,5,4.48,12,1,2,1,tarjeta,0,1,7.8,9,0
113,moda,85254,18.6,2.2,3.12,6,69,5,2,contraentrega,1,0,7,7.5,1
114,moda,162851,21.1,8.4,4.61,342,21,5,0,pse,0,1,9.1,7.5,0
115,deporte,364342,30.6,3.4,3.86,5,7,7,1,billetera,1,1,6.7,8.5,0
116,belleza,149127,33.4,3.8,4.78,156,71,7,0,billetera,0,1,7,9.8,0
117,tecnologia,404447,9.3,2.9,4.52,491,69,6,1,tarjeta,1,1,10,10,1
118,moda,305149,22.5,,4.73,5,52,8,1,tarjeta,1,0,7.6,9.1,0
119,moda,140120,24.7,9.4,4.89,214,15,9,0,billetera,0,1,6.8,7.1,1
120,deporte,352811,13,2.1,3.53,60,28,6,0,billetera,0,1,8.8,10,0
121,deporte,174608,8,4.1,4.88,40,61,8,1,tarjeta,0,1,10,10,0
122,belleza,174067,6.4,4.4,4.41,34,6,7,2,pse,0,1,7.9,8.1,0
123,belleza,545869,19.9,1.2,4.64,71,28,11,0,tarjeta,1,0,10,10,0
124,tecnologia,290108,9.6,6.7,4.13,71,30,6,1,contraentrega,0,1,7.4,9,0
125,belleza,265043,29.4,12.8,4.26,80,46,11,1,tarjeta,1,1,8.9,8.4,1
126,hogar,223155,5.9,2.3,4.34,32,60,8,1,tarjeta,0,1,10,9.5,0
127,belleza,150922,23.6,5.8,4.08,77,44,13,2,tarjeta,0,1,7,7.6,1
128,deporte,258290,6.6,6.3,4.64,37,7,6,1,pse,1,1,9.8,8.1,0
129,tecnologia,85687,9.9,3.2,3.84,16,61,7,2,billetera,0,1,6.6,9.4,1
130,tecnologia,150964,4.5,6.7,4.48,28,23,6,1,pse,0,1,10,10,0
131,tecnologia,193570,27.3,5.9,4.14,39,26,5,1,billetera,0,0,9.8,10,0
132,hogar,56763,16.4,4.5,4.43,7,56,5,2,tarjeta,0,1,8.1,10,0
133,deporte,59653,17.3,5.4,4.27,37,51,4,0,tarjeta,1,1,10,10,0
134,belleza,52716,4.1,2,3.86,97,41,9,2,pse,0,1,8.8,10,0
135,moda,274018,13.4,2.1,5,76,55,9,0,pse,0,1,5.3,9.8,0
136,hogar,119521,45.1,4.8,4.12,49,68,4,2,pse,0,1,7.4,8.1,1
137,moda,387485,21.8,6.3,4.37,47,5,8,0,tarjeta,0,1,8.5,9.6,0
138,hogar,45677,11.3,4.7,4.4,43,67,6,0,pse,0,0,10,8.4,1
139,hogar,66315,11.2,3.8,4.87,41,51,7,2,billetera,0,1,,8.3,0
140,moda,82528,7.1,2.5,3.91,103,2,7,1,pse,0,1,8.2,9.4,0
141,hogar,283841,34.5,3.3,4.07,44,49,9,0,tarjeta,0,1,8.3,10,0
142,deporte,844611,7.1,2.3,4.07,65,5,10,1,tarjeta,1,0,9.8,10,0
143,belleza,1871330,3.4,3.6,4.37,11,43,6,2,tarjeta,1,1,8.2,8.1,0
144,deporte,262960,6.6,3.3,4.18,39,52,5,3,tarjeta,0,1,,7.2,0
145,hogar,122026,25.4,4,3.97,63,52,5,0,billetera,0,1,7.2,9,0
146,belleza,495749,26.6,7.6,4.29,36,32,6,0,tarjeta,0,1,9.2,8.4,0
147,moda,987248,38.8,1.9,4,35,26,10,1,tarjeta,1,1,6.7,8.7,0
148,moda,356830,22.2,4.5,3.92,154,57,9,2,contraentrega,0,1,7,7.8,1
149,tecnologia,106974,8,5.6,4.72,40,48,7,2,tarjeta,0,1,7.3,8.1,0
150,deporte,32441,13.2,3.4,4.95,45,1,7,2,pse,0,1,10,10,0
151,hogar,265307,18.1,3.2,5,30,44,9,3,pse,0,1,9.5,10,0
152,tecnologia,173381,25.4,3.3,4.37,161,44,7,1,billetera,0,1,10,9.5,0
153,hogar,190485,15.3,3.3,4.28,36,14,7,1,billetera,0,1,8.1,10,0
154,hogar,73069,10.9,12.5,4.95,121,25,4,2,tarjeta,0,1,8.4,6.6,1
155,moda,37979,24.3,5.4,4.97,14,12,4,1,tarjeta,0,1,8.9,9.7,0
156,deporte,79306,10.1,4.4,3.74,86,12,7,0,billetera,0,1,10,8.6,0
157,tecnologia,371819,12.6,3.1,3.77,4,13,12,0,pse,0,1,6.4,7.8,0
158,hogar,521413,29.1,2.8,4.22,89,3,7,0,pse,1,0,8.2,10,1
159,moda,279908,7.7,2.2,4.19,15,65,9,2,tarjeta,0,1,8.5,10,0
160,deporte,43314,21.8,9.1,4.68,57,41,5,0,pse,0,1,9,7.5,0
161,moda,1359742,7.6,2.7,4.23,24,3,13,1,pse,1,1,7.8,8.9,1
162,tecnologia,27837,3.5,5.7,3.97,22,72,6,0,contraentrega,1,1,4,8.2,0
163,moda,184690,5.5,3.8,4.82,273,67,6,1,contraentrega,0,1,5.2,7.8,1
164,moda,93187,17.7,3.2,4.94,54,39,12,0,tarjeta,1,1,9.7,9.2,0
165,moda,112757,8.4,2.7,4.78,78,44,7,4,billetera,0,0,9.6,7.9,1
166,deporte,210306,6.2,4,3.93,19,3,6,1,billetera,0,1,9.9,9.3,1
167,belleza,560013,16.5,7.7,4.64,75,27,9,1,pse,1,1,8.6,8.9,0
168,deporte,28051,24.9,12.8,4.34,38,25,6,0,pse,0,0,5.8,6.5,1
169,hogar,115494,3.5,2.2,3.78,56,24,10,1,tarjeta,1,1,9.2,8.5,0
170,deporte,175177,7,7.4,4.2,32,44,7,3,tarjeta,0,1,8.1,7.4,1
171,hogar,347270,25.2,5.8,4.4,118,38,5,0,pse,1,0,8.9,10,0
172,deporte,421760,33.6,2.1,3.88,25,66,5,1,billetera,1,1,5.7,10,1
173,deporte,156446,18,5.2,4.88,119,50,6,3,tarjeta,0,0,7.9,8.2,0
174,moda,59611,17.9,4.4,4.49,31,53,10,0,pse,0,1,9.7,6.3,0
175,deporte,596194,11.6,4.1,3.57,135,59,8,2,pse,0,1,7.6,7.6,0
176,moda,196690,11.7,9.9,4.44,429,14,15,1,tarjeta,0,0,8.9,7.4,1
177,deporte,39611,11.2,3.8,4.12,123,15,8,5,tarjeta,0,1,7.3,9.8,1
178,moda,162447,17.8,5.4,4.36,577,47,2,2,contraentrega,1,0,5.7,8.6,1
179,deporte,37834,9.2,2.7,4.69,29,6,6,2,tarjeta,1,0,8.5,10,0
180,moda,403762,19.2,2.2,4.31,164,63,5,0,pse,0,1,6.1,10,0
181,moda,220813,15.1,1.9,5,218,46,6,1,pse,0,1,8.7,10,0
182,moda,147102,4.2,2.2,4.08,29,20,7,1,pse,0,1,9.3,10,0
183,belleza,220073,30.6,2,4.17,16,1,5,1,tarjeta,0,1,8.6,9.3,1
184,tecnologia,18419,13.9,4,4.03,92,12,5,2,tarjeta,0,1,7.9,10,1
185,tecnologia,521008,18.8,3.3,4.32,63,69,11,2,tarjeta,1,1,9.9,10,0
186,tecnologia,325882,8.7,3,4.36,54,51,9,2,contraentrega,0,1,9.6,8.4,0
187,deporte,373208,4.6,2,3.58,33,51,5,1,tarjeta,0,1,7.7,10,0
188,deporte,94927,30.2,3.1,3.57,153,55,10,1,pse,0,1,8.1,7.3,1
189,tecnologia,287414,11.4,2.8,4.68,145,59,9,2,tarjeta,0,0,5.8,6.7,1
190,moda,220345,24.2,5.9,4.82,222,49,16,1,tarjeta,0,1,7.3,9.4,0
191,deporte,123529,21.8,2.7,4.46,72,44,3,1,tarjeta,1,1,7.1,10,0
192,tecnologia,132387,24.1,2.9,4.82,383,1,7,1,tarjeta,0,1,10,10,0
193,hogar,152924,10.4,2.3,4.13,89,23,8,1,billetera,1,0,7.3,10,0
194,deporte,20408,9.4,3.1,4.53,60,23,5,1,contraentrega,0,0,6.8,10,1
195,hogar,101747,33.4,4.1,4.63,141,46,6,1,tarjeta,0,1,7.5,9.2,0
196,tecnologia,36263,13.9,6.8,4.66,82,57,10,3,billetera,1,1,7.5,8.6,0
197,tecnologia,446430,24.9,6,,314,31,14,1,pse,0,1,10,8.3,1
198,hogar,70182,17.2,2.4,4.34,519,23,6,0,billetera,0,1,6.4,10,0
199,deporte,172245,18.3,7,3.9,606,30,3,1,pse,0,0,9.3,7.4,0
200,moda,1064908,18.7,3.6,,520,65,9,0,contraentrega,1,0,9.4,7.4,0
201,hogar,1121789,7.5,2.7,4.93,53,31,9,2,tarjeta,1,1,8.9,10,0
202,moda,623668,10.1,4.8,4.02,18,26,7,0,contraentrega,0,1,7.7,8.3,1
203,moda,595150,16.7,10.3,4.85,52,65,6,0,pse,1,1,7.1,7.4,0
204,deporte,174668,15.5,7.5,4.81,133,47,5,0,tarjeta,0,1,8.1,9.7,0
205,belleza,397026,21.5,7.2,4.8,29,55,14,1,tarjeta,0,1,9.6,7.9,0
206,hogar,168384,8,7.4,5,156,42,5,1,pse,1,1,9.2,8.4,0
207,moda,112107,22.1,3,3.53,79,6,4,1,billetera,0,0,4.4,8.4,1
208,deporte,122903,5.3,2.1,4.16,194,57,9,0,tarjeta,0,1,8.4,10,0
209,belleza,127632,5.5,4.7,4.6,247,50,10,0,pse,0,1,6.9,10,0
210,moda,77408,7.5,2.4,4.31,59,71,7,2,billetera,1,0,8.9,9,1
211,belleza,49635,27,3.5,4.62,138,9,7,0,billetera,0,1,5.9,10,0
212,hogar,387185,11.4,3.8,4.45,48,35,5,2,pse,0,1,9.6,9.9,1
213,hogar,77038,8.4,4.8,4.62,255,68,11,0,tarjeta,0,1,6.6,8.6,1
214,moda,86626,4.1,1.9,4.41,17,59,6,1,pse,0,1,8,9.5,0
215,tecnologia,93202,5.3,6.9,5,349,53,10,2,billetera,0,1,8.9,7.9,0
216,moda,823381,20.3,4.1,4.9,4,25,10,1,contraentrega,0,1,8,9.1,0
217,hogar,62839,14.9,3.7,4.62,65,32,8,1,billetera,0,1,6.1,9.7,0
218,deporte,130161,5.3,4.6,4.38,11,35,5,0,billetera,0,1,8.2,9.9,0
219,belleza,190383,13.6,4.6,4,79,64,9,0,contraentrega,1,1,8.5,9.9,0
220,hogar,334505,7.3,3.7,4.08,13,69,6,1,tarjeta,1,1,9.7,8.2,0
221,tecnologia,60446,2.4,2.2,4.61,145,4,8,0,tarjeta,1,1,7,9.1,0
222,tecnologia,431208,26.1,3.1,4.65,60,34,8,0,pse,1,1,8,10,0
223,deporte,161315,5.1,2.4,4.43,349,28,3,0,tarjeta,0,0,8.5,9.1,0
224,tecnologia,77562,4.4,4.9,3.89,142,66,7,0,tarjeta,1,1,7.2,8.4,0
225,hogar,474778,36.7,4.2,3.45,53,4,14,3,tarjeta,0,1,8.8,8.2,0
226,tecnologia,590249,1.2,5,4.21,21,54,9,0,pse,0,1,9.4,8.4,0
227,moda,69836,34.8,1.7,3.59,63,8,5,0,pse,0,1,5.5,8.9,1
228,deporte,47516,5.4,3.2,,23,62,2,2,contraentrega,0,1,8.6,9.1,0
229,deporte,79449,21.9,3.6,3.54,14,44,8,0,pse,1,1,8.3,10,0
230,tecnologia,351751,23.6,7,4.1,52,31,5,1,pse,0,1,6.5,9.2,1
231,moda,47350,29.7,6.7,3.91,176,62,12,3,tarjeta,0,0,10,7.7,1
232,hogar,103642,6.3,3,4.21,36,8,7,0,tarjeta,1,1,10,10,0
233,hogar,130322,1.5,2,4.79,139,14,4,0,pse,0,0,8.3,8.5,0
234,belleza,306725,30.2,2.4,4.18,26,32,4,0,contraentrega,0,1,9.3,7.9,0
235,tecnologia,69339,19.2,3.1,4.32,49,22,11,3,tarjeta,0,1,9.9,8.2,0
236,tecnologia,195482,34,4.4,4.19,52,72,5,2,tarjeta,1,0,8.4,9.3,1
237,belleza,225715,8.4,9.8,4.15,81,14,7,1,pse,0,1,7.8,8.4,1
238,tecnologia,387738,17.4,11.1,3.75,100,11,11,0,pse,1,1,7.2,7.5,0
239,belleza,442112,18.7,9.3,4.22,12,53,4,0,pse,1,1,9,10,0
240,deporte,62205,22.1,5.1,4.47,12,27,8,1,tarjeta,0,1,7.5,10,0
241,moda,83437,21.7,10.3,4.84,10,21,10,0,tarjeta,0,1,7.1,7.4,1
242,tecnologia,125960,12.5,4.2,3.81,23,67,5,0,billetera,0,1,8.3,8.8,1
243,hogar,267537,17.2,2.3,4.26,60,11,8,1,contraentrega,0,1,6.6,8.1,0
244,belleza,345214,13,2.4,4.45,9,47,17,1,billetera,0,1,8.4,9.6,0
245,deporte,256964,6.8,4.8,4.83,19,56,6,0,pse,1,1,5.6,10,0
246,tecnologia,486476,0.7,3.6,3.92,21,40,10,1,contraentrega,1,1,7.1,10,0
247,tecnologia,618415,25,3.2,3.69,36,42,11,0,pse,0,1,6.2,6.6,0
248,hogar,89948,4,1.6,3.88,243,8,10,1,pse,0,0,7.4,8.7,0
249,deporte,159198,29.3,2.3,3.66,88,68,10,1,pse,0,1,8.3,9.5,0
250,tecnologia,483653,7.5,4.3,3.59,23,16,7,0,billetera,0,1,8.1,9.9,0
251,tecnologia,217967,8.2,3.9,4.63,61,36,5,1,tarjeta,0,1,9.8,8.1,0
252,moda,242605,15.4,10.1,4.04,15,69,10,2,billetera,1,1,9.8,7.4,0
253,hogar,112321,19.5,1.6,3.6,14,21,12,5,contraentrega,0,1,9.5,9.9,0
254,moda,853462,9.2,4,4.89,166,46,4,2,tarjeta,0,0,5.4,7.1,1
255,moda,441999,1.9,,3.86,26,33,8,2,contraentrega,1,1,8.8,8.9,0
256,hogar,428206,19.1,2,4.71,26,13,10,1,tarjeta,0,0,7.3,10,0
257,deporte,87128,19.1,2.4,5,34,68,6,4,contraentrega,0,1,9.2,8.8,1
258,moda,357273,21.6,8.7,4.6,130,6,8,2,billetera,0,1,9.7,10,1
259,tecnologia,360505,19,3.4,3.73,186,48,4,0,billetera,1,1,9.2,10,0
260,belleza,63338,18.9,2.4,4.12,10,65,11,0,billetera,0,1,7.6,9.9,0
261,tecnologia,121040,19.6,3.9,4.38,27,72,8,4,billetera,0,1,10,10,0
262,tecnologia,417399,22.6,6.5,4.04,174,52,3,0,pse,1,1,7.8,8,0
263,hogar,115840,15.5,2.5,4.65,12,22,3,0,pse,0,0,8.8,9.4,1
264,hogar,667181,19,,4.09,579,12,6,1,tarjeta,0,1,10,9.2,0
265,belleza,104787,11.8,5.5,3.78,106,41,10,0,tarjeta,0,1,9.4,9.6,0
266,hogar,200280,16.5,4.2,5,207,61,4,1,contraentrega,0,1,7.2,9.7,0
267,moda,947356,11.1,5.6,4.03,108,21,8,0,contraentrega,0,1,9.1,9.8,0
268,moda,112312,23.5,4.2,4.67,102,29,7,0,tarjeta,0,1,8,8.3,0
269,tecnologia,39560,7.3,6.9,3.81,7,24,9,3,contraentrega,0,1,7.2,7.4,0
270,belleza,466640,25.2,4.2,4.07,36,34,11,0,billetera,0,1,7,10,0
271,deporte,300401,18.5,3.1,4.27,58,71,7,0,pse,1,1,8.6,9.6,0
272,hogar,267457,35,4.2,3.92,36,6,11,1,pse,0,1,6.7,9.6,0
273,tecnologia,105212,26.6,1.6,3.93,20,43,7,2,tarjeta,0,1,8,9.3,1
274,belleza,357421,24.9,,4.7,67,64,10,0,tarjeta,0,1,10,8,0
275,tecnologia,43381,38.1,8.4,4.8,13,48,11,2,pse,1,0,8.6,8.9,0
276,hogar,97676,8.3,5,4.3,16,50,11,1,tarjeta,1,1,5.3,9,0
277,hogar,30920,11.6,2.4,4.23,53,47,5,0,billetera,0,1,7,7.8,1
278,tecnologia,74172,23.6,5,3.93,30,27,10,2,pse,0,1,8.7,10,0
279,hogar,27716,5.3,4.6,4.35,38,30,2,1,pse,0,1,7.9,8.6,0
280,moda,1205902,19.4,2.9,4.93,241,49,4,1,pse,1,1,10,10,0
281,hogar,486691,25,3.3,5,7,25,5,1,pse,1,1,7.9,9.7,0
282,tecnologia,385313,5,6,4.02,93,71,13,2,billetera,0,0,6.6,6.3,1
283,tecnologia,191529,23.7,4.5,3.86,23,63,14,2,pse,1,0,8.3,8.3,1
284,tecnologia,572726,8.4,6.8,4.1,9,13,10,1,pse,0,1,8.7,8.5,0
285,tecnologia,77102,9.4,3.8,3.92,120,20,5,0,pse,1,0,4.9,7.3,1
286,hogar,405045,18.1,2.9,4.19,104,7,9,2,tarjeta,0,1,6.1,9.1,0
287,belleza,235684,25.5,5.6,4.57,67,51,5,1,tarjeta,0,1,7.1,9.8,1
288,hogar,163176,24,2.8,4.06,33,56,11,1,pse,1,1,6.4,9.6,0
289,tecnologia,105370,23,7.5,4.21,27,64,9,1,contraentrega,0,0,9,7.7,0
290,belleza,49009,16.5,1.5,4.34,81,38,7,3,pse,0,1,7.2,8.5,1
291,moda,24016,10.2,10.1,3.87,51,15,10,2,tarjeta,0,1,6.1,4.9,1
292,tecnologia,293524,15,2.2,4.52,19,61,6,0,tarjeta,1,1,9.2,10,0
293,hogar,87190,13.6,5.8,3.76,129,37,12,2,pse,1,1,6.4,6.3,0
294,moda,39606,23.2,3,3.58,6,70,13,0,tarjeta,0,1,7.7,6.8,1
295,moda,2054947,27.4,2.8,4.53,29,9,6,1,billetera,1,1,9.4,9,0
296,tecnologia,98084,19.4,4.4,4.35,24,39,10,3,billetera,1,1,8.5,10,0
297,tecnologia,57690,0.6,5.2,4.11,46,60,5,1,pse,1,1,10,10,0
298,moda,233059,32,5.9,4.29,50,31,8,0,tarjeta,0,1,10,9.2,1
299,moda,354585,28.5,6.3,2.96,13,16,6,1,pse,0,0,,7.1,1
300,tecnologia,94314,30.7,5.5,4.15,11,18,6,0,billetera,0,1,4.5,8.2,1
301,deporte,64676,8.7,2.9,4.54,89,17,8,0,tarjeta,0,1,7.8,8.6,0
302,hogar,102133,8.2,1.6,4.73,148,69,7,2,pse,0,0,7,9.9,0
303,moda,396776,22.5,11.4,5,77,69,6,3,pse,0,1,6.2,6.9,1
304,hogar,458632,11.1,4.2,3.78,88,5,7,0,pse,0,0,6.7,7.3,1
305,tecnologia,206832,16.2,3.9,4.59,30,29,4,2,tarjeta,0,1,7.9,10,0
306,moda,85356,13,2.5,4.91,56,16,12,3,tarjeta,1,1,7.3,8.9,0
307,hogar,425720,12.1,5.7,4.01,154,22,12,2,contraentrega,0,1,9.1,6.7,0
308,tecnologia,481426,17.1,2.4,4.18,55,43,6,3,pse,0,0,6.8,8.5,0
309,deporte,85386,11.4,4.2,4.22,504,43,6,3,tarjeta,0,1,7.6,8.2,1
310,belleza,230250,15.8,2.5,4.17,29,13,9,2,pse,0,1,6.1,10,1
311,moda,123624,20.8,5.1,4.13,36,2,9,1,pse,0,1,6.8,9.6,0
312,tecnologia,178159,27,3.9,4.55,25,7,3,2,pse,0,1,7.1,9.3,0
313,hogar,296902,12.3,6.4,4.49,45,29,7,2,tarjeta,0,1,9.4,9.5,1
314,deporte,308636,12.7,2.4,4.54,230,23,12,0,billetera,1,1,8.2,10,0
315,tecnologia,102921,19.8,1.9,3.79,27,50,5,1,billetera,0,1,7.8,8.7,0
316,tecnologia,226724,7.1,3.2,4.63,775,69,6,3,billetera,1,1,7.4,10,0
317,belleza,58052,18.6,1.3,3.61,68,63,5,2,pse,0,1,7.2,8.6,0
318,tecnologia,247615,12.7,5.3,4.26,87,18,8,1,billetera,0,1,6.8,8.5,0
319,tecnologia,144646,13.9,9.7,3.03,18,61,7,0,contraentrega,0,0,7.9,6.6,0
320,deporte,182215,18.3,2.1,4.33,131,29,13,1,tarjeta,0,1,9.7,9.3,0
321,moda,913147,4.7,2.1,4.88,83,47,6,2,tarjeta,0,0,5.5,9.5,1
322,deporte,64419,34.3,4.9,4.01,26,61,9,1,tarjeta,0,1,8.2,7.6,0
323,hogar,130773,24.8,6.1,4.6,101,47,6,0,pse,0,1,6.1,10,0
324,moda,616127,6.5,5,4.37,14,27,10,1,billetera,1,1,6.4,8,0
325,deporte,98682,22.3,13.3,3.51,19,67,7,0,pse,1,1,6.4,7.3,0
326,tecnologia,396535,13.3,4.2,4.32,85,53,9,2,tarjeta,1,1,7.8,8.7,0
327,hogar,180408,33.9,4,4.53,189,3,11,1,contraentrega,0,1,7.2,9.5,0
328,deporte,449848,8.7,4.5,4.7,26,34,9,0,contraentrega,1,0,8.3,9.7,0
329,deporte,335346,11.2,2.1,3.51,53,50,6,0,contraentrega,1,1,8.9,10,1
330,belleza,166613,17.7,3.6,3.96,23,9,10,1,billetera,0,1,5.9,8.1,1
331,belleza,1004660,7,3,4.25,81,8,9,0,tarjeta,0,1,8.3,10,0
332,hogar,140005,11.8,2.8,4.22,11,47,6,1,contraentrega,0,1,6.3,9.2,0
333,moda,183453,24.1,8.3,4.13,123,70,7,0,billetera,0,1,6.4,7.8,0
334,hogar,240795,20.6,10.1,3.81,22,41,10,1,tarjeta,0,1,7.9,7.4,1
335,hogar,107159,19.6,,,66,31,7,2,tarjeta,1,1,7.9,10,0
336,moda,174103,6.8,6.1,3.63,78,3,6,0,tarjeta,0,1,7.5,8.5,0
337,tecnologia,174695,18.9,3.6,4.59,28,9,8,0,pse,0,1,7.7,9.4,0
338,moda,180624,8.4,5.5,4.2,19,71,3,1,billetera,0,1,9.7,8.5,1
339,deporte,683211,15.4,3.4,4.35,109,51,8,0,billetera,0,0,4.1,8.8,0
340,deporte,522275,13.7,5.1,3.91,636,2,11,2,pse,0,1,6.2,8.8,0
341,moda,76207,18.9,4,4.34,72,21,13,0,tarjeta,0,1,9.9,9.9,1
342,moda,59942,8.9,3.5,3.93,90,36,6,1,billetera,0,1,8.9,8,1
343,deporte,566117,20.3,3,4.34,67,24,8,1,tarjeta,1,1,9.4,10,0
344,hogar,112334,22.3,2.2,3.45,97,57,4,0,contraentrega,0,1,7.5,7.8,1
345,moda,859955,11.2,2.9,4.27,29,20,9,3,tarjeta,1,1,10,7.6,0
346,tecnologia,131977,7.7,2.4,4.06,50,23,8,1,pse,1,1,8.2,10,0
347,deporte,304989,10,1.2,4.44,21,42,11,2,pse,0,1,7.2,10,0
348,moda,45071,16.9,3.8,3.61,54,41,7,0,pse,0,1,7.9,9.9,1
349,moda,589900,9.7,4.5,3.7,48,64,9,1,pse,0,1,10,8.4,0
350,belleza,62399,14.1,4.2,4.22,26,64,9,0,tarjeta,1,1,7.7,9.1,0
351,moda,114492,18.6,2.2,4.4,24,61,6,0,tarjeta,0,1,6,10,1
352,moda,185875,8.7,5.1,4.07,12,17,7,1,contraentrega,0,1,9,8.6,0
353,tecnologia,111867,7.2,4,4.1,33,24,7,1,contraentrega,0,1,9.1,10,0
354,deporte,124082,17.4,8.1,4.43,36,7,10,0,tarjeta,1,1,7.6,8,0
355,hogar,48955,13.9,2.4,4.82,321,19,4,0,billetera,1,1,6.1,10,0
356,tecnologia,132402,11.7,6.6,4.85,180,23,7,0,pse,1,1,7.3,9.5,0
357,tecnologia,430570,2.1,3.3,4.49,38,62,12,0,pse,1,1,7.4,9.2,0
358,belleza,99474,20,1.3,3.52,95,51,5,2,pse,0,1,9.4,9.4,0
359,tecnologia,187767,17.6,1.9,4.83,16,66,10,2,billetera,1,1,7.9,10,0
360,tecnologia,266817,4.8,4.1,4.1,340,17,6,1,contraentrega,0,1,6.8,7.9,1
361,tecnologia,138344,5.5,2.2,4.36,24,43,9,1,tarjeta,0,1,6.2,8.7,1
362,deporte,36857,44.5,3.6,4.31,267,17,6,0,billetera,0,1,6.6,8.8,0
363,belleza,321782,13.5,2.3,3.93,33,25,7,1,pse,1,1,8,9.5,0
364,tecnologia,487316,10.6,6,4.72,64,6,11,5,tarjeta,0,1,9.2,8.5,1
365,hogar,160067,12.4,3.9,3.65,49,8,6,1,contraentrega,0,1,5.1,9,1
366,belleza,306396,9.2,2.1,4.01,20,63,10,1,tarjeta,0,1,6.2,9.3,0
367,deporte,621469,8.6,7.1,4.55,48,32,5,0,contraentrega,0,1,9.1,7.4,0
368,deporte,206351,24.3,3.8,4.59,38,37,9,0,billetera,0,1,7.3,10,1
369,belleza,112605,4.5,3.7,4.45,14,12,8,0,billetera,0,1,5.2,7.4,0
370,hogar,91087,14.6,5.4,,31,16,12,2,tarjeta,1,1,6.5,10,0
371,belleza,126563,2.1,4.4,,8,71,7,1,tarjeta,0,1,7.9,9.4,0
372,belleza,274821,5.3,4.3,5,111,70,4,0,pse,0,1,6.9,10,0
373,moda,206333,13.1,2.6,4.29,87,22,10,1,pse,0,1,8.4,8.9,1
374,belleza,177945,4.3,5.3,3.69,114,14,3,0,tarjeta,0,1,7.6,7.9,0
375,deporte,346034,26,4.9,4.87,261,22,4,2,tarjeta,1,1,8.7,9.3,0
376,deporte,500320,10.4,5.1,4.83,164,40,9,2,tarjeta,1,1,7.5,10,1
377,moda,78800,25.5,2.6,4.56,51,55,7,1,pse,0,1,6.5,8.8,0
378,belleza,351521,23,1.2,4.85,125,34,8,1,billetera,0,1,9.1,10,0
379,hogar,242667,10.3,3,3.97,128,26,5,1,tarjeta,0,1,6.7,9.1,0
380,moda,226226,10.4,3.1,4.14,82,22,6,0,pse,0,1,9.4,8.8,0
381,moda,274341,12.9,7.8,4.09,91,36,1,1,tarjeta,0,1,10,7.6,1
382,hogar,29384,21.3,3.2,4.15,179,6,4,0,contraentrega,1,0,8.9,9.4,0
383,hogar,201199,23.3,1.9,5,513,7,4,2,billetera,0,1,6.6,10,0
384,tecnologia,67459,19.5,2.1,4.85,131,16,5,1,tarjeta,0,1,6.7,9.1,0
385,deporte,100318,20,7.3,4.87,393,54,7,2,tarjeta,0,1,8.2,8.9,0
386,deporte,73956,24.6,5.8,,15,62,11,2,tarjeta,1,1,8.5,10,0
387,hogar,136842,10.4,3.6,4.44,42,13,6,0,billetera,0,1,9.7,10,0
388,hogar,241053,7.9,1.6,4.72,131,29,5,0,billetera,0,1,8.1,9.5,1
389,tecnologia,213897,14.2,3.5,4.02,57,26,10,3,pse,0,1,,9.1,1
390,tecnologia,942860,13,7.8,3.99,91,31,10,0,pse,0,0,7.4,8.1,0
391,tecnologia,127340,17.1,9.1,4.14,255,67,8,0,tarjeta,0,1,8.2,8.9,0
392,moda,240208,7.9,4.4,4.31,28,43,6,0,tarjeta,1,1,8.7,8.6,0
393,tecnologia,80727,7.3,6.5,4.08,212,56,10,1,tarjeta,0,1,7.5,7.1,0
394,hogar,341457,11.9,3,5,68,18,8,3,tarjeta,0,1,9.8,10,0
395,moda,93960,20.4,2.8,3.94,5,60,15,3,tarjeta,1,1,9.6,10,0
396,deporte,82686,14.7,5.7,4.51,9,58,7,0,billetera,0,1,9.2,9.6,1
397,deporte,167025,14,2.7,4.2,67,48,9,0,tarjeta,0,0,8,10,0
398,belleza,112894,23.9,14,4.04,14,29,5,0,tarjeta,1,1,5.6,6.6,1
399,hogar,290264,6.8,1.5,4.29,52,22,7,2,pse,1,1,10,10,1
400,belleza,199243,23,1.9,4.14,26,56,7,1,tarjeta,0,1,7.6,9.8,0
401,hogar,776567,6.7,1.8,4.59,41,3,7,1,tarjeta,0,1,7.1,10,0
402,hogar,53512,5.2,1.2,4.87,894,58,8,1,tarjeta,0,0,6.7,9.9,0
403,belleza,195895,10.7,2.6,4.67,26,9,4,1,tarjeta,0,1,3.2,9.9,0
404,belleza,370571,44.2,3.4,3.73,157,12,6,0,tarjeta,0,0,8.4,8.9,1
405,moda,157949,2.1,2.6,3.37,93,37,13,0,tarjeta,1,1,7.4,9.1,0
406,belleza,56586,13.6,5,3.69,68,63,5,1,tarjeta,0,1,6.7,7.5,0
407,belleza,316397,18.9,4.6,3.7,39,42,7,1,billetera,0,1,9.3,9.1,1
408,belleza,1472690,13,3.4,4.24,68,24,5,0,pse,1,1,10,10,0
409,tecnologia,555641,13.7,4,4.99,31,52,8,0,billetera,1,1,7.6,10,0
410,deporte,57300,37.5,3.3,4.42,85,48,8,3,contraentrega,0,1,9.9,7.9,0
411,tecnologia,222994,26.1,2.2,4.79,21,47,6,4,contraentrega,0,1,8.1,7.8,1
412,moda,113154,30.1,1.8,4.39,306,11,7,2,tarjeta,1,1,10,9.9,0
413,deporte,95696,20.3,,4.37,98,50,7,0,billetera,0,1,6.1,7.5,0
414,moda,515928,15.4,3.2,4.31,231,14,6,1,pse,0,1,9.6,10,0
415,moda,36184,19.3,3.2,3.74,22,59,8,0,pse,0,1,10,9.8,0
416,moda,218153,24.4,4.6,4.69,28,57,8,0,tarjeta,0,1,7.1,10,1
417,deporte,371812,7.6,,4.77,42,71,12,1,pse,0,1,8.2,9.8,0
418,tecnologia,520639,2.6,6.1,4.19,114,4,7,0,pse,0,1,6.9,8.6,0
419,deporte,192334,18.9,5.2,4.09,259,41,7,1,tarjeta,1,1,9,9.9,1
420,moda,114926,27,,4.39,67,54,9,0,billetera,0,1,7.7,8,0
421,hogar,143014,16.1,3.1,3.78,348,50,12,2,tarjeta,0,0,7.4,8.2,0
422,moda,118212,2.8,7.7,4.6,22,55,5,2,pse,1,0,6.1,8.5,0
423,deporte,123291,12.9,8.6,4.27,99,47,6,0,tarjeta,0,1,10,7.6,0
424,tecnologia,282320,31.8,12,4.13,28,39,5,2,pse,1,1,7.1,6.2,1
425,belleza,243933,19.9,3.5,4.84,11,49,6,0,tarjeta,1,1,7.8,10,0
426,moda,18000,18.1,1.8,4.18,67,52,12,0,contraentrega,0,1,10,8.6,0
427,belleza,155729,18.2,5.6,5,495,23,12,2,billetera,0,1,10,8.3,0
428,tecnologia,51091,11.7,3.4,3.99,44,30,9,0,tarjeta,0,1,9.4,10,0
429,moda,270852,29.9,4.4,4.87,36,29,6,2,tarjeta,0,0,7.2,8.2,0
430,hogar,137611,1.3,4,4.48,5,37,3,4,pse,1,0,7.8,9.4,0
431,moda,574571,14.1,4.5,4.02,63,19,5,1,pse,0,0,5.1,7.2,1
432,moda,72723,11.3,5.3,3.83,14,6,3,0,pse,1,1,8.5,9.7,0
433,moda,70106,5.1,11.8,4.73,24,71,9,2,contraentrega,0,1,10,8.4,1
434,hogar,130118,5.7,6.9,4.21,121,10,6,0,pse,0,1,5.4,7.7,1
435,tecnologia,117734,20.2,5.7,,91,55,8,1,tarjeta,1,0,6.1,9.5,0
436,deporte,61402,11.4,3.8,,5,49,8,3,pse,0,1,7,9.7,0
437,moda,525442,20.1,4.6,,13,55,5,1,contraentrega,0,1,9.7,9.1,0
438,hogar,175872,11.7,10.9,4.44,17,32,9,1,tarjeta,1,1,9.1,8.5,0
439,deporte,96656,34.2,2.4,4.22,493,71,16,2,tarjeta,1,0,8.5,8.9,1
440,tecnologia,772179,16.7,3.8,4.9,9,28,10,1,tarjeta,1,1,9.1,9.2,0
441,belleza,137232,7.4,4.5,4.54,7,5,8,1,pse,0,0,7.9,9.2,1
442,belleza,510965,11.7,5.7,4.1,77,48,7,0,pse,0,0,9.1,9.3,0
443,hogar,31794,11.1,11.9,5,115,24,7,0,pse,0,1,7.7,7.5,0
444,belleza,537417,20.7,7.8,4.98,39,39,8,1,billetera,1,1,7.8,8,0
445,tecnologia,176079,6.5,5.2,4.21,170,72,6,0,tarjeta,1,1,8.8,8.4,0
446,hogar,225940,21.9,3.5,4.17,7,34,13,1,tarjeta,0,1,10,10,0
447,moda,52951,4.8,1.7,4.61,28,64,10,0,tarjeta,1,1,9.5,8.4,1
448,tecnologia,265570,32.8,6.2,4.87,23,43,9,0,tarjeta,0,1,5.3,7.2,0
449,deporte,651066,35.2,2.5,3.86,139,49,7,1,tarjeta,1,1,8.8,9.9,0
450,moda,151244,7.4,3.3,3.73,57,59,6,5,tarjeta,1,1,6.6,8.4,1
451,hogar,273363,17.2,7.4,4.54,74,24,6,0,contraentrega,0,1,6.8,8.6,0
452,tecnologia,170922,5.7,6.5,4.87,28,65,9,1,tarjeta,0,1,9.1,9.1,0
453,tecnologia,139623,16.1,8.2,4.18,14,26,4,1,pse,0,1,7.6,7.6,1
454,moda,286876,9,3,3.88,31,68,4,2,tarjeta,0,1,10,8.3,0
455,moda,86586,45.6,,4.12,13,34,10,1,tarjeta,1,1,7.3,10,0
456,deporte,69476,15.8,1.6,4.42,170,22,4,1,pse,0,1,4.7,10,1
457,hogar,215238,29,4.3,4.22,67,39,8,0,tarjeta,1,1,6.8,9,0
458,hogar,210193,3.9,5.1,4.45,29,12,6,2,billetera,1,1,10,9.1,0
459,hogar,119697,1.1,8.2,4.32,103,21,6,1,pse,1,1,9.3,8.1,0
460,moda,234669,27.5,1.7,3.53,68,66,3,2,tarjeta,0,0,9.1,9.3,1
461,deporte,112123,17.1,,3.56,44,24,5,2,contraentrega,1,1,7.9,8.7,0
462,hogar,256759,11.3,2.8,4.46,14,11,5,1,contraentrega,0,1,10,10,0
463,tecnologia,150033,21.6,5.1,3.9,29,1,4,1,pse,0,1,8.2,10,0
464,belleza,116035,11.7,8.5,4.36,62,26,8,1,tarjeta,1,1,9.5,8.8,0
465,tecnologia,92945,16.6,2.8,3.68,25,5,8,1,billetera,0,1,7.3,8.2,0
466,belleza,62000,5.6,2.4,4.2,61,20,8,1,billetera,0,1,7.2,9.7,0
467,tecnologia,140843,24.3,2.3,4.51,11,30,10,1,pse,0,1,6,8.8,0
468,deporte,98272,17.1,6,4.16,38,29,12,2,contraentrega,0,1,9,9.6,0
469,hogar,101569,17.7,7.5,3.58,63,28,11,1,pse,1,1,9.4,8.3,0
470,moda,49880,3.7,4.4,4.44,289,40,15,0,tarjeta,1,1,8.1,9.2,0
471,moda,156327,10.5,2.9,4.5,36,28,6,3,tarjeta,0,1,9.5,10,0
472,tecnologia,270569,7.1,3.3,4.76,11,27,7,0,billetera,0,1,9.1,9.7,0
473,hogar,106265,24.1,3.3,3.75,81,44,2,1,tarjeta,1,1,6.1,9,1
474,tecnologia,693503,11.3,2.4,3.99,446,37,6,0,pse,0,1,8.6,10,0
475,hogar,160131,8.1,1.8,4.17,166,55,8,1,billetera,0,1,7.1,9.1,0
476,moda,103479,25.7,1.3,4.29,36,36,9,0,pse,0,1,4.9,9,1
477,tecnologia,302710,15.7,6.8,4.25,156,20,7,1,billetera,0,1,10,8,0
478,moda,233729,22.1,4.5,4.64,59,39,6,1,pse,1,1,6.6,9.2,0
479,belleza,66896,22.4,3.9,3.98,29,61,10,1,pse,1,1,6.6,9.7,0
480,hogar,61194,16.6,2.7,3.93,119,70,9,0,tarjeta,0,1,8.5,10,1
481,hogar,171513,16.6,8,3.61,603,27,14,1,tarjeta,1,1,7.5,8.3,0
482,tecnologia,188946,10.8,5.9,4.75,86,6,6,3,pse,0,0,4.9,9.2,0
483,deporte,158546,6.7,3.8,4.66,81,44,4,2,tarjeta,0,1,9.2,7.7,0
484,tecnologia,175754,6.5,14,4.4,26,70,9,1,billetera,0,1,9,6.6,0
485,belleza,18000,16.3,3.7,4.46,50,69,9,1,pse,1,0,8.3,10,0
486,moda,158487,3.6,6.3,4.06,50,1,10,1,tarjeta,0,1,7.5,6.6,1
487,moda,305058,23.7,4.7,4.49,27,10,7,0,pse,0,1,8.7,9.4,0
488,hogar,57682,2.5,4.1,4.83,82,17,2,0,tarjeta,1,1,7.6,9.9,0
489,hogar,177482,7.2,2.2,4.48,8,53,10,2,billetera,1,1,6.4,10,0
490,hogar,66095,2.9,4.2,4.06,309,61,10,0,tarjeta,1,1,8.1,10,0
491,tecnologia,95536,39.7,5.1,3.98,77,5,9,0,tarjeta,0,1,10,8.3,0
492,deporte,57560,22.2,4.3,4.59,128,52,10,3,contraentrega,0,0,9.7,8.4,0
493,tecnologia,161257,4,3.5,4.07,25,69,5,2,billetera,0,1,10,9.3,0
494,belleza,207628,7.9,5.5,4.53,9,33,7,0,pse,1,0,10,9.2,0
495,hogar,58563,18.7,4.7,5,5,9,11,2,tarjeta,0,1,7.3,8.5,0
496,deporte,354525,3.6,3.9,4.78,60,23,4,2,pse,1,1,7.6,10,0
497,belleza,123144,20.7,3.4,3.91,81,68,8,3,tarjeta,0,1,8.4,9.7,1
498,hogar,186427,11.7,3,4.34,31,16,6,0,billetera,0,1,8.2,9.6,0
499,tecnologia,246826,7.3,6,3.87,74,68,4,0,pse,1,1,6.9,9.7,0
500,tecnologia,399177,6.6,7.4,4.58,21,34,7,0,pse,0,1,8.6,9.5,0
501,deporte,335555,20.6,3.6,3.96,122,59,6,1,tarjeta,0,0,,7.8,0
502,hogar,210172,9,3.6,4.78,620,40,6,3,contraentrega,0,1,8.7,9.2,1
503,moda,144722,7.1,11.7,3.28,38,47,3,0,tarjeta,0,1,8.7,6.6,0
504,moda,314450,10.3,8.8,4.47,28,63,9,1,pse,0,1,9,6.9,1
505,moda,426255,2.8,5,5,23,41,7,0,pse,0,1,5.4,9.2,0
506,belleza,328910,10.9,7.1,4.91,31,67,3,2,billetera,1,1,9.4,10,0
507,tecnologia,140826,9.7,5.7,3.98,53,72,9,0,pse,0,1,7.6,8.4,0
508,deporte,168866,8.6,4.9,4.37,29,52,6,0,pse,0,1,6.7,9.1,0
509,moda,217855,10,2.5,4.84,75,1,7,0,tarjeta,0,1,10,10,0
510,hogar,691577,22.7,2.5,4.54,53,64,7,1,pse,0,1,10,10,0
511,tecnologia,474446,12.5,6.4,4.72,93,11,14,2,tarjeta,0,1,6.4,8.3,0
512,moda,329336,0.8,4.4,4.02,197,19,6,2,pse,1,1,5.9,8.2,0
513,hogar,130831,8.6,2.8,4.16,215,67,11,1,billetera,0,1,,6.6,0
514,hogar,183340,17,4.8,4.54,33,69,4,3,pse,0,1,10,8.8,0
515,moda,264768,6.7,3.6,4.23,110,25,2,1,pse,1,1,7.2,10,0
516,tecnologia,80879,24.8,3.5,3.82,62,8,13,0,tarjeta,0,0,10,9.1,0
517,hogar,275648,9,3.3,4.31,459,56,9,0,pse,0,1,10,10,0
518,tecnologia,165284,15.8,4.1,4.47,64,24,9,2,tarjeta,0,1,6.4,9.5,0
519,hogar,104487,15.5,4.7,4.04,46,17,4,1,billetera,0,1,9.5,10,0
520,moda,152346,18.7,7.5,4.27,192,26,9,3,pse,0,1,8.3,7.9,0
521,moda,56239,30.2,2.1,4.4,33,59,6,1,contraentrega,0,1,10,9.7,0
522,belleza,82656,18,4.7,4.12,29,39,3,0,billetera,0,1,8.7,9.8,0
523,tecnologia,547518,32.3,3.6,4.23,179,38,4,2,billetera,1,1,9.5,8.9,1
524,moda,81555,31.7,6.2,5,113,46,6,2,pse,0,1,10,8.3,1
525,moda,51328,20.8,2.9,3.86,239,13,9,2,pse,0,1,8.9,8.9,0
526,hogar,473057,22,5.3,4.06,34,12,11,1,tarjeta,1,1,8.3,9.8,1
527,tecnologia,146746,16.3,2.1,4.92,60,23,13,0,pse,0,0,7.6,10,0
528,belleza,314201,7,1.7,5,61,19,7,2,tarjeta,0,1,8.5,10,0
529,hogar,113761,10.1,5.9,4.17,400,52,10,0,billetera,0,1,9.8,9.2,0
530,moda,43793,5.6,3,4.32,111,63,9,2,billetera,1,0,7.1,10,0
531,hogar,25264,12.2,5.2,4.76,68,35,3,3,pse,1,1,7.5,8.6,1
532,moda,254510,10.5,3.3,4.6,29,62,8,2,tarjeta,1,0,10,9.3,0
533,moda,72585,20.5,3.2,4.58,7,15,9,2,tarjeta,1,1,8.7,9,1
534,moda,405656,9,2.1,4.71,16,10,6,1,billetera,0,1,9.8,10,0
535,moda,256294,14.8,5.7,4.56,33,63,11,1,billetera,0,1,7.3,8,1
536,moda,62291,20.5,3.5,3.78,22,56,10,1,pse,0,1,10,10,0
537,hogar,110036,18.9,2.9,4.75,135,40,12,1,tarjeta,0,1,7.6,10,1
538,moda,164145,6.4,10.8,4.11,56,27,8,2,tarjeta,0,1,8.7,7.4,0
539,deporte,283898,17,3.9,4.12,232,23,9,1,contraentrega,0,1,8,9.1,0
540,hogar,263249,29,,4.09,272,26,8,1,tarjeta,0,1,5.8,7,1
541,hogar,109728,13.5,1.9,4.36,293,2,4,0,pse,0,1,5.4,9.9,0
542,hogar,147624,20.6,2.8,4.38,85,54,7,1,billetera,0,1,6.9,9.9,1
543,tecnologia,390289,21.5,2.5,4.52,18,50,10,1,contraentrega,0,1,4.8,8.7,1
544,hogar,98009,35.9,2.3,3.69,127,21,7,1,tarjeta,0,0,10,10,1
545,tecnologia,614185,5.9,13.1,4.18,29,71,11,1,billetera,0,1,8.8,6.8,0
546,deporte,51176,29.8,2.8,4.29,64,9,5,3,billetera,0,1,8.5,9.6,0
547,belleza,38722,12.8,6.1,4.38,160,47,8,0,pse,0,1,7.2,8.8,0
548,hogar,255594,24.2,3.6,5,13,9,6,0,billetera,0,1,7.3,10,0
549,tecnologia,159946,7.7,4.3,3.72,31,17,6,2,tarjeta,1,1,9,9,0
550,hogar,654928,11.4,4.2,4.91,119,32,16,0,tarjeta,0,1,5,9.9,0
551,hogar,333347,17.4,7.5,4.47,145,13,6,1,pse,0,1,7.3,8.1,0
552,belleza,1094365,9.5,5.6,4.45,42,3,7,1,tarjeta,0,1,6.8,7.6,1
553,moda,90107,2.8,1.7,4.51,48,69,7,0,tarjeta,1,1,9,10,0
554,deporte,400472,14.7,3.5,3.68,32,59,6,0,tarjeta,0,1,8,9,0
555,deporte,1074183,4.3,3.3,3.65,66,37,5,1,tarjeta,1,1,6.6,9.1,0
556,hogar,235484,4.2,5.1,4.71,22,67,5,1,tarjeta,0,0,6.2,7.1,1
557,hogar,253743,15.3,3.2,4.15,58,11,2,0,pse,0,1,6.6,10,1
558,hogar,164094,18.6,1.8,4.26,6,50,9,2,pse,1,0,7.1,8.4,1
559,hogar,65382,9.3,4.8,4.55,100,41,5,1,billetera,0,1,10,10,0
560,moda,368711,7.5,3.6,4.06,49,13,6,1,billetera,1,1,8.6,8.2,0
561,moda,97008,30.5,1.9,4.47,96,22,8,2,tarjeta,0,1,7.1,10,1
562,belleza,206751,27.8,8.1,4.42,18,12,1,1,billetera,0,1,6.9,8.6,1
563,moda,52521,8.2,6,4.54,42,57,8,0,pse,0,1,8,9.4,0
564,belleza,101872,25.1,6.1,4.25,61,51,10,1,tarjeta,0,1,10,8,0
565,moda,597149,12.2,3.3,4.13,106,28,6,1,tarjeta,1,1,7.5,9.1,0
566,tecnologia,71891,16.5,2.7,4.27,80,59,5,1,tarjeta,0,0,8.5,8.6,0
567,hogar,28139,13.5,4.6,3.82,147,7,12,1,pse,0,1,7.2,7.9,0
568,hogar,84854,9.4,6.5,4.75,128,12,5,1,pse,0,1,5,7.9,1
569,deporte,847018,4.5,5.8,4.88,65,19,9,1,billetera,0,1,10,8.2,1
570,moda,742263,14.2,1.7,4.66,44,50,8,2,pse,0,1,9.1,8.4,0
571,moda,121592,7,3.6,3.78,15,51,8,1,contraentrega,0,1,7.1,9.8,1
572,hogar,794102,12.3,2.3,4.58,59,4,6,1,tarjeta,0,1,6.3,8.7,1
573,moda,62322,19.9,2.4,4.82,75,29,6,0,tarjeta,1,1,6.7,9.7,0
574,moda,121131,15.1,5.7,3.87,84,66,7,1,tarjeta,1,1,9,7.8,0
575,deporte,112081,15.2,2.3,,234,65,3,0,tarjeta,0,1,5.3,10,1
576,tecnologia,285558,22.7,6.6,4.12,32,57,7,0,tarjeta,0,1,9.6,8.4,1
577,deporte,294867,15.3,2.8,5,199,10,5,1,contraentrega,0,1,10,9.7,0
578,hogar,61763,39.1,3.6,3.85,33,71,14,1,pse,0,1,4.9,9.1,0
579,belleza,789208,11.7,4.3,4.42,40,70,4,0,billetera,0,1,7.9,10,0
580,tecnologia,44786,19.9,8.8,4.53,200,28,5,0,pse,0,1,8.6,8.7,0
581,deporte,586823,18.1,1.6,3.84,98,19,4,1,tarjeta,1,1,9.6,10,0
582,belleza,209133,8.4,3.6,4.58,165,1,6,1,billetera,0,1,8,10,0
583,hogar,441882,5.5,1.4,4.79,223,47,15,1,billetera,1,1,9,10,0
584,tecnologia,232944,9.4,4.7,4.1,69,28,12,1,billetera,0,1,7.6,8.8,0
585,tecnologia,157598,34.3,4.2,4.5,81,72,7,0,pse,0,1,9.7,9,0
586,tecnologia,393663,11.5,4.5,4.69,87,23,7,2,pse,1,1,7,8.3,0
587,moda,101309,17.2,1.8,3.72,26,68,8,0,contraentrega,0,1,7,9.7,0
588,hogar,86241,31,2.3,4.31,146,44,10,1,pse,1,0,6.5,9,0
589,hogar,289550,11.8,8.7,3.85,160,38,4,2,pse,0,1,8.2,7.8,0
590,tecnologia,63373,33.4,1.6,4.37,31,4,7,0,tarjeta,0,1,6.9,10,0
591,deporte,552129,22.9,3.4,4.64,187,29,7,1,tarjeta,1,1,9.8,10,0
592,tecnologia,550509,36,1.8,4.5,31,42,4,1,tarjeta,0,1,8.3,9.1,0
593,belleza,361306,11.3,6.1,4.84,132,23,6,0,tarjeta,1,1,8.6,8.6,0
594,deporte,143702,12.3,2.8,4.97,34,35,7,0,billetera,0,1,7.1,9.4,0
595,hogar,247301,8,6.5,3.56,47,18,9,1,pse,0,1,10,10,0
596,belleza,173945,21.7,5.1,4.52,114,27,4,1,billetera,0,1,7.9,9.6,0
597,belleza,152612,8.3,2.9,4.38,56,22,5,2,billetera,0,1,10,8.4,0
598,moda,120796,31.5,4.7,4.63,36,15,6,1,billetera,0,1,7.9,9,0
599,tecnologia,308869,16.9,6.6,5,372,17,6,2,pse,0,1,9.9,8.8,0
600,moda,343575,13.7,2.5,4.78,81,60,8,0,tarjeta,1,1,7,9.5,0
601,moda,286584,7.9,8.7,3.79,12,52,10,2,pse,1,1,5.7,8.6,0
602,tecnologia,48163,8.8,3,4.31,22,31,10,0,contraentrega,1,0,5.9,10,0
603,tecnologia,211184,18.5,9.8,5,150,9,7,1,billetera,0,1,8,8.9,0
604,tecnologia,81170,19.4,2.6,4.95,85,20,4,2,tarjeta,0,1,6.2,8.5,0
605,hogar,235167,14.5,2.6,4.89,47,13,6,0,contraentrega,1,1,9.2,10,0
606,deporte,530414,10.7,4.7,4.86,769,64,7,1,pse,1,0,6.5,8.8,0
607,belleza,70920,10.9,5.1,4.26,54,65,4,0,tarjeta,0,1,8,9.9,1
608,belleza,533199,20.1,5.3,4.53,68,10,4,1,tarjeta,0,0,10,7.4,0
609,belleza,45172,16.7,3.4,5,36,5,7,3,tarjeta,0,1,8.8,9.9,0
610,tecnologia,54523,19.9,3.9,3.96,100,67,8,0,pse,0,1,7.8,9.2,0
611,hogar,87960,24.4,2.5,4.35,69,63,3,2,tarjeta,0,1,9.7,7,0
612,tecnologia,295109,9.6,5.6,4.58,39,67,8,1,pse,0,1,7.4,8.2,0
613,hogar,112670,8.6,3.1,4.83,109,58,12,0,tarjeta,0,1,6.9,10,0
614,moda,175080,18,4.1,,47,3,8,0,tarjeta,0,1,8,9.4,0
615,tecnologia,48937,13,,3.84,8,65,10,2,tarjeta,0,1,7.4,8.8,0
616,hogar,255532,12.7,7.5,4.68,15,20,6,1,pse,0,1,7.6,9,0
617,deporte,201669,27.7,4.4,3.41,103,55,7,3,contraentrega,1,1,8.5,7.7,1
618,tecnologia,120818,11.5,3.3,4.12,58,46,5,0,billetera,0,1,7,8.5,0
619,belleza,329159,2.7,2.4,3.99,125,30,8,2,tarjeta,0,1,9.8,8.8,0
620,tecnologia,387025,4.2,2.3,4.48,204,12,11,4,pse,1,1,7.1,10,0
621,deporte,391961,3.6,2.5,3.6,279,68,8,0,billetera,1,1,10,10,0
622,tecnologia,404999,25,,4.3,30,5,3,0,pse,0,0,9,8.6,0
623,hogar,68274,25.9,3.2,3.79,180,29,7,1,tarjeta,0,1,6.6,10,0
624,belleza,339535,18.7,5.1,3.74,29,25,3,3,tarjeta,1,1,8.5,8.5,0
625,moda,276129,29.3,1.3,4.32,49,61,5,2,pse,0,1,10,9.6,0
626,hogar,746164,16.7,2.9,4.82,53,31,6,1,tarjeta,0,1,5.7,10,0
627,hogar,171510,3.4,1.9,5,57,45,11,1,tarjeta,0,1,7.2,10,0
628,belleza,161953,17.7,3.2,3.63,23,43,14,0,tarjeta,1,1,8.8,9.7,1
629,moda,95119,13.9,6.3,3.76,47,5,6,1,tarjeta,0,0,9.1,10,0
630,hogar,296405,19.3,2.5,4.7,17,17,10,0,billetera,0,1,9.3,8.4,0
631,belleza,61637,21.9,6.6,3.5,15,28,6,0,pse,0,1,4.8,7.8,1
632,deporte,144225,18.2,3.3,4.8,14,60,11,1,tarjeta,0,1,6,7.9,1
633,hogar,161413,42.5,5.4,3.95,190,56,5,1,pse,1,1,7.7,8.3,0
634,belleza,254571,17,5.4,3.45,14,34,8,0,tarjeta,0,1,9.4,9.1,0
635,hogar,78601,9.1,7.7,4.1,42,29,13,2,tarjeta,0,1,5.6,7,1
636,moda,783985,13.3,9.9,3.8,38,58,13,3,contraentrega,0,1,10,7.7,1
637,deporte,158412,33.5,3.2,4.46,24,7,15,1,pse,1,1,6.6,10,0
638,hogar,39455,15.8,3.7,4.84,159,14,5,1,billetera,1,1,7.4,10,0
639,hogar,640444,6,5.3,3.86,357,2,9,1,pse,1,1,8,9,1
640,deporte,230607,32.6,1.5,4.35,194,48,5,0,tarjeta,0,1,10,8.4,0
641,moda,83065,11.1,2.7,3.66,107,49,6,1,tarjeta,1,1,6.4,8.8,0
642,tecnologia,94508,12.9,2,4.96,242,63,9,1,tarjeta,1,1,6.5,10,0
643,deporte,56577,6.1,6.2,3.61,102,8,6,3,pse,1,1,5.4,8.2,1
644,moda,745254,14.1,6.2,4.28,10,22,13,1,tarjeta,0,1,7.8,6.6,0
645,deporte,689616,19.5,3.1,4.27,7,5,8,2,billetera,0,1,7.8,8.7,0
646,moda,111143,12.9,3.7,3.58,349,31,8,0,billetera,0,1,7.7,10,0
647,hogar,85526,11.1,4.1,4.37,220,72,11,0,tarjeta,0,0,7.7,7.4,0
648,tecnologia,113446,11.6,3.7,4.22,52,48,8,1,billetera,0,1,,10,0
649,moda,174330,7.5,6,4.16,48,3,6,1,pse,0,1,10,8.4,0
650,tecnologia,43143,13.9,11.3,4.55,18,55,7,3,pse,0,1,5.4,7.4,1
651,moda,66052,13.6,9.8,4.95,17,50,9,1,pse,0,1,8,7,0
652,hogar,54951,15.9,4.2,3.49,217,24,14,2,pse,1,1,7.8,9.5,1
653,tecnologia,140475,6.2,1.5,3.8,33,16,8,1,tarjeta,0,1,7.2,10,0
654,belleza,53560,19.4,3.3,3.67,153,46,11,3,tarjeta,0,1,7.4,8.8,1
655,deporte,80018,25.4,3,4.05,11,12,7,0,tarjeta,1,1,7.9,7.5,0
656,belleza,145112,16.9,2.9,4.84,25,66,8,2,billetera,0,1,7.7,8.8,0
657,hogar,195263,25.9,3.3,4.27,10,47,6,1,tarjeta,0,1,9.7,8.7,1
658,deporte,193196,18.6,1.5,4.32,55,21,5,0,tarjeta,1,1,5.8,10,1
659,moda,63036,8.1,5.8,3.74,32,63,3,1,billetera,0,1,8.9,7.2,0
660,moda,37293,6.9,6.8,4.35,47,37,8,0,billetera,0,1,9.1,7.5,0
661,deporte,61965,14.3,2.8,4.59,158,11,13,0,tarjeta,0,1,7.4,9.9,0
662,belleza,102815,5.1,2.7,4.02,262,4,11,1,billetera,0,1,8.6,10,0
663,moda,694077,18.5,2.9,3.83,17,47,6,1,billetera,0,0,7.8,8.6,1
664,belleza,527837,10.8,6.2,,245,46,11,0,pse,0,1,8.3,6.7,0
665,tecnologia,269090,21.1,6.6,4.31,67,67,10,2,billetera,0,1,7,9.6,1
666,belleza,87022,19.2,3.3,4.22,59,3,7,0,contraentrega,0,1,7.7,9.2,0
667,hogar,91576,18,6.6,4.27,472,5,7,3,contraentrega,0,1,8.5,8.3,1
668,belleza,33856,21.2,2.9,4.39,21,52,11,1,tarjeta,0,1,9.4,9,0
669,belleza,155401,25.1,7,4.35,30,62,8,1,billetera,0,1,8.2,8.1,1
670,moda,283845,3.8,9.1,4.04,207,29,6,0,billetera,0,0,6.6,6.2,1
671,tecnologia,187336,33.9,2.7,4.6,114,43,8,1,contraentrega,0,1,7.6,8.9,1
672,belleza,173590,13.6,6.9,3.83,24,14,7,1,pse,0,1,7.4,6.2,1
673,moda,524981,16.4,5.2,4.98,38,66,10,1,tarjeta,1,1,7.1,9.2,0
674,deporte,146063,38.4,8.3,4.22,88,7,3,1,billetera,0,1,7.7,7.6,0
675,hogar,452341,10.8,4.6,3.86,98,45,6,3,pse,1,0,,9.6,0
676,hogar,422522,16.8,1.9,3.73,10,60,9,1,pse,0,1,4.7,9.2,0
677,hogar,84283,3.5,1.8,3.89,85,34,6,0,pse,0,1,7.6,9.8,0
678,belleza,97900,17.7,4,4.37,29,57,8,2,billetera,1,0,4.5,7.8,0
679,tecnologia,541511,13.7,1.8,3.68,250,45,2,0,pse,0,1,5.5,10,0
680,deporte,42350,22.4,3.5,3.83,51,15,12,0,pse,0,1,6.3,8.8,0
681,hogar,208403,8.5,6.1,3.9,23,30,9,3,tarjeta,0,1,9.3,9.5,0
682,belleza,95095,23.8,2.6,3.91,13,33,11,3,pse,1,1,8.1,10,1
683,tecnologia,143381,18.2,6.1,4.85,76,12,10,0,contraentrega,0,1,7.4,10,0
684,hogar,169788,33.1,2.4,3.89,125,42,4,2,tarjeta,1,1,,10,0
685,tecnologia,24410,15.8,9.5,4.53,76,70,9,0,tarjeta,0,0,7.5,6.5,1
686,tecnologia,268257,18.8,2.4,3.82,46,53,14,5,tarjeta,0,1,8.2,8.5,0
687,deporte,228347,10.2,1.9,4.18,9,24,8,1,contraentrega,0,1,6.4,9.8,1
688,tecnologia,110930,18,3.4,3.37,46,54,8,1,pse,1,1,7.1,9.3,0
689,deporte,1013204,22,3.6,4.47,18,3,5,0,tarjeta,0,1,10,10,0
690,hogar,39988,21.1,3.1,4.61,63,58,11,0,billetera,0,1,7.3,10,0
691,hogar,98918,21.6,4.7,4.15,64,52,9,2,billetera,1,0,8.5,10,0
692,hogar,528857,17.8,2,4.21,5,54,8,0,pse,0,1,9.2,10,0
693,belleza,105231,24.9,2.2,3.92,28,59,8,1,tarjeta,0,1,9.7,8.3,0
694,moda,220993,9.1,2.6,4.45,153,49,10,0,contraentrega,1,1,7.6,9.9,0
695,belleza,124687,12.3,2.5,4.41,130,60,6,1,tarjeta,0,1,9.6,9.4,0
696,moda,25982,20.7,2.4,4.35,43,1,7,1,tarjeta,0,1,9.2,9.5,0
697,hogar,332395,14.2,4.5,4.11,70,70,8,0,tarjeta,1,1,10,8.7,0
698,hogar,242989,40.3,2.7,4.04,47,59,7,0,tarjeta,0,0,6.8,9.4,0
699,moda,204495,5.7,2.3,3.79,331,53,7,1,billetera,0,0,9.8,9.1,1
700,belleza,239615,34.3,6.8,3.5,48,60,11,0,pse,1,1,,10,1
701,hogar,181758,16.7,5.5,4.89,241,57,9,1,tarjeta,0,1,7.5,9.1,0
702,tecnologia,225990,31.7,2.7,4.45,66,35,11,2,pse,0,1,4.2,8.4,0
703,deporte,262933,9.5,2.7,4.18,99,52,11,0,pse,0,1,6.1,8.6,1
704,moda,219282,3.3,5.6,3.58,61,55,7,1,billetera,0,0,9.2,8.9,1
705,belleza,78621,12.3,4.1,3.55,27,63,7,3,contraentrega,0,0,7.7,6.9,1
706,moda,205046,27.7,7.2,3.99,102,8,11,1,tarjeta,1,1,7.9,6.1,0
707,hogar,950196,5.2,1.4,4.64,72,34,7,3,tarjeta,0,1,6.4,9.6,1
708,moda,492829,9.1,5.6,4.69,45,33,7,0,pse,1,1,9.4,9.2,1
709,hogar,150648,14.1,1.3,4.25,33,63,12,0,contraentrega,0,1,9,10,0
710,belleza,96250,23.8,3.8,3.66,48,71,3,2,tarjeta,0,1,,9.3,1
711,tecnologia,122601,6.2,13.7,4.13,49,10,6,0,pse,0,1,8.6,7.3,1
712,belleza,157413,5.9,2.3,5,300,20,9,3,pse,0,1,6.7,8.3,0
713,tecnologia,30522,24.4,1.9,4.55,24,57,2,0,billetera,0,1,,10,0
714,deporte,58628,26.3,1.5,4.13,96,63,8,1,tarjeta,0,1,7.4,8.7,0
715,hogar,114694,23.6,5.4,4.56,40,22,4,0,tarjeta,0,1,7.9,10,0
716,belleza,56598,25.8,5.4,4.25,85,42,7,1,contraentrega,0,1,7.5,7.7,1
717,moda,217569,26.9,1.3,4.84,41,49,6,0,tarjeta,0,1,6.4,9.7,0
718,hogar,119410,19.9,9,3.09,80,16,6,2,pse,0,1,8.4,3.7,1
719,moda,108640,17.7,4.5,3.73,279,23,6,0,pse,0,1,5.9,8.6,1
720,tecnologia,92712,34.9,4.3,4.33,35,9,8,1,tarjeta,0,0,7.5,8,0
721,hogar,25536,12.4,2.4,3.99,14,55,5,3,billetera,0,0,7.9,8.3,0
722,moda,291264,8.5,4.5,4.03,10,32,10,1,contraentrega,0,1,9.9,8.4,0
723,deporte,25582,36.5,5.6,4.38,110,66,7,0,billetera,0,1,7.8,8,0
724,deporte,980947,9.1,6,4.56,36,20,11,0,pse,0,1,6.3,9.9,0
725,tecnologia,68980,3.9,5.2,4.09,21,12,7,1,billetera,0,0,10,8.1,0
726,hogar,197091,6.9,1.9,4.6,277,38,4,1,tarjeta,0,1,9.1,10,0
727,deporte,169634,22.1,1.4,4.23,104,69,12,1,contraentrega,0,1,8.5,8.9,0
728,hogar,65445,33.4,1.2,3.9,17,36,9,2,pse,0,1,10,10,0
729,moda,71149,10.9,5.4,3.75,44,21,4,1,tarjeta,0,0,8.3,7,1
730,tecnologia,107587,26.7,6,4.8,124,26,6,0,contraentrega,1,0,9.6,7.8,0
731,tecnologia,91099,30.2,2.7,4.21,45,21,8,1,pse,1,1,7.3,10,1
732,moda,45829,10.5,2.1,4.49,34,31,6,4,tarjeta,0,1,8.6,9.4,1
733,hogar,108654,24.3,2.7,5,7,17,5,0,billetera,0,1,6.7,9.4,0
734,tecnologia,470910,20.4,,5,2,66,7,2,pse,0,1,8.1,8.7,0
735,tecnologia,77084,14.6,11.5,3.54,41,6,11,0,billetera,0,1,10,7.4,1
736,moda,441551,29.2,9.9,3.81,13,5,8,2,billetera,0,1,6.7,7.1,1
737,moda,498016,19.9,4.5,4.24,203,39,7,2,tarjeta,0,1,9.2,9.7,0
738,belleza,156910,13.8,8.4,4.3,19,47,4,1,pse,0,0,9.6,8,1
739,belleza,133336,14.2,3.3,3.59,61,10,8,2,tarjeta,0,1,8.9,7.9,1
740,tecnologia,243917,13.7,3,3.66,53,68,8,1,pse,0,0,7.4,8.3,1
741,deporte,107784,22.9,2.2,4.21,61,44,5,1,tarjeta,1,1,7.9,10,0
742,deporte,48618,15.5,9.9,3.48,263,11,11,1,tarjeta,0,0,6.9,5.4,0
743,deporte,270992,9,9,4.99,137,26,7,1,tarjeta,1,1,7.6,7.8,0
744,tecnologia,122546,40.9,6.8,4.35,31,70,5,0,billetera,1,1,5.4,9.1,0
745,deporte,132986,19.7,1.3,4.54,20,11,3,0,pse,0,1,9,9.8,0
746,belleza,55172,1.7,2.6,3.91,87,53,4,4,billetera,0,1,8,9.3,1
747,hogar,955526,23.8,7.2,3.85,11,52,7,0,tarjeta,1,1,9.1,9.6,0
748,belleza,136503,13.8,1.9,,77,8,5,0,billetera,1,1,8.3,9.4,0
749,tecnologia,724976,13.3,9.3,3.9,55,33,11,1,tarjeta,0,1,8.3,6.5,0
750,moda,23854,18.1,3.6,4.23,93,46,9,3,tarjeta,1,1,10,8.8,0
751,moda,262981,7.4,10.7,4.42,80,12,6,1,tarjeta,1,1,10,6.6,0
752,tecnologia,486654,24.2,3.7,4.17,174,13,6,1,billetera,0,0,7.8,8.9,1
753,tecnologia,250355,15.5,2.8,4.46,7,43,5,1,billetera,0,0,6.3,10,1
754,tecnologia,180739,5.4,3.4,4.34,109,24,10,1,billetera,0,1,9,9.7,0
755,deporte,157175,25.6,2.9,4.86,57,66,1,2,tarjeta,0,0,9.1,8.6,0
756,moda,1010393,18.4,2.1,3.76,31,34,10,2,pse,0,1,8.6,9.8,1
757,moda,161043,4.3,5.4,4.01,23,10,4,2,billetera,1,1,,9.6,0
758,deporte,308565,6.3,4.3,4.48,13,48,6,1,contraentrega,0,0,7.9,10,0
759,belleza,897056,20,4.3,4.78,114,23,7,0,pse,0,1,7.9,8.8,0
760,hogar,190296,20.8,3.6,4.24,17,70,6,1,contraentrega,0,1,7.9,8.9,0
761,belleza,259450,14.6,1.7,4.3,106,4,5,2,tarjeta,1,1,8.3,10,0
762,belleza,168822,13.6,10.8,4.87,171,52,8,1,pse,1,1,9.7,7.6,0
763,tecnologia,377930,4.1,2.1,5,44,24,9,2,tarjeta,0,1,7.4,9.2,0
764,deporte,84570,24.8,4.8,3.93,77,49,13,1,billetera,0,1,6.4,8.5,0
765,belleza,60570,16,4.9,3.96,42,59,6,1,contraentrega,0,1,4.6,9,1
766,moda,542577,12.1,3.3,4.25,296,62,8,1,billetera,0,1,5.5,8.9,1
767,deporte,48234,30.7,3.6,4.88,292,31,9,1,tarjeta,0,1,9.5,10,1
768,hogar,171373,18,1.5,4.27,24,15,8,1,contraentrega,1,1,6.1,10,0
769,moda,163413,14.2,1.8,4.4,137,34,9,2,tarjeta,0,1,8.5,9.9,0
770,moda,44813,24.5,1.3,4.23,122,3,5,1,billetera,0,1,7.8,8.7,0
771,deporte,110896,3.3,3.2,3.83,51,43,11,2,pse,1,1,8.1,8.5,1
772,moda,581824,5,4.9,4.71,2,55,12,1,tarjeta,0,1,8.5,7.6,0
773,hogar,498780,14.3,3.4,4.72,13,18,0,0,tarjeta,1,1,10,10,0
774,moda,160363,1.8,2.7,4.24,112,2,7,0,tarjeta,0,1,9.5,8,0
775,moda,229057,14.4,4.3,4.64,80,24,1,0,billetera,1,1,9.6,10,0
776,tecnologia,432158,19.6,11.2,4.8,44,62,6,1,tarjeta,1,1,7.1,9.1,1
777,belleza,2400000,25,4.7,4.18,27,18,5,0,tarjeta,0,0,7.6,8.1,0
778,belleza,300768,12,4.2,4.42,62,2,6,1,tarjeta,1,1,9.9,10,0
779,deporte,380049,2.2,2.9,4.49,22,7,6,1,contraentrega,0,1,5.6,5.4,0
780,belleza,259092,6.6,5.3,4.48,19,51,9,3,pse,0,1,8.5,8.4,0
781,deporte,86001,14.5,4.3,4.21,49,61,9,2,tarjeta,0,1,9.7,10,1
782,moda,86491,27.6,4.2,4.22,21,15,6,2,pse,0,0,10,8.3,0
783,deporte,195207,13.6,1.9,3.05,249,70,9,2,tarjeta,0,1,10,7.4,0
784,moda,271651,15.2,2.3,4.64,19,22,7,0,tarjeta,0,1,8.6,8.7,0
785,moda,139111,20.9,1.6,4.92,30,61,2,1,tarjeta,0,1,9.2,10,0
786,moda,75019,29.8,14,4.77,59,54,8,0,tarjeta,0,1,,9.3,0
787,belleza,528420,4.5,3,4.9,118,53,4,0,tarjeta,1,1,6.5,10,0
788,hogar,35164,11.9,4.2,3.91,127,48,5,1,pse,0,0,7.2,6.8,0
789,hogar,69006,26.6,2.3,4.18,40,51,10,1,tarjeta,1,1,6.6,10,1
790,tecnologia,155837,14.5,3.5,4.55,140,22,11,0,pse,1,1,7.6,8.6,0
791,deporte,92889,24,6.8,3.63,99,65,8,1,billetera,1,0,7.7,8.7,1
792,hogar,49664,21.3,7,3.81,56,40,6,2,pse,1,1,9.3,9,0
793,moda,339280,16.5,5.1,4.67,65,66,9,1,tarjeta,0,0,6,4.8,0
794,moda,307372,6.6,2.1,4.7,55,25,11,2,tarjeta,1,1,10,9.5,0
795,moda,113386,6.4,5.2,4.75,60,69,5,1,contraentrega,0,0,7.5,8.6,0
796,hogar,113391,20.2,3.6,4.93,41,54,6,2,tarjeta,0,1,9.1,10,0
797,moda,403969,0.9,10.3,5,31,44,9,0,pse,0,1,5.6,6.6,0
798,hogar,239745,16.8,5.1,4.56,196,24,8,1,tarjeta,0,1,9.9,7.7,0
799,deporte,361460,3.8,3.8,5,26,26,4,0,contraentrega,0,1,8.4,10,1
800,hogar,2021165,13.3,9,5,35,28,2,0,billetera,0,1,9.7,8.8,0
801,hogar,500053,3,8.9,3.52,27,41,10,0,pse,0,1,7.2,6.7,0
802,belleza,55149,11.4,4.8,3.7,152,32,9,2,contraentrega,0,1,8.3,8.4,1
803,deporte,119811,9.4,1.8,4.19,21,18,7,1,billetera,0,1,10,10,1
804,deporte,116981,12.1,6.4,4.26,100,17,4,0,tarjeta,0,1,10,9.8,0
805,hogar,101921,12.6,10.3,4.57,58,11,4,0,contraentrega,0,1,9.1,8.5,0
806,moda,114295,25.2,4.8,5,241,72,12,1,billetera,0,1,9.3,8.5,1
807,tecnologia,18846,31,1.7,4.99,58,50,5,1,contraentrega,0,1,9,9.3,0
808,hogar,117504,19.9,2.7,4.32,68,14,8,1,tarjeta,0,1,8.5,10,0
809,belleza,1334347,20.6,3.2,4.6,274,66,10,2,billetera,0,1,9.4,10,1
810,belleza,371805,13.7,4,4.3,45,71,3,2,billetera,0,1,9.1,8.8,0
811,hogar,155750,18.6,2.9,4.23,10,13,7,0,pse,1,1,4.1,8.1,0
812,moda,356007,16.7,3.9,4.75,71,26,9,2,pse,1,1,9.8,8.9,0
813,moda,431897,4.3,2,4.7,30,54,4,0,contraentrega,0,1,8.5,10,0
814,belleza,25201,14.6,3,5,31,55,9,1,billetera,0,1,9,10,0
815,deporte,90520,14.7,3.6,3.91,39,71,8,1,billetera,1,1,8.7,8.9,0
816,deporte,79584,33,4.1,5,15,20,6,0,pse,0,1,8.9,7.9,0
817,belleza,180323,7.9,8.6,4.47,7,41,3,1,tarjeta,0,1,7,8.5,1
818,belleza,49681,14.9,9.3,3.88,29,64,6,1,pse,0,1,7.2,7.4,1
819,hogar,256048,18,2.5,4.17,15,54,6,2,billetera,1,1,7.3,10,0
820,belleza,168295,26.3,6.9,4.94,462,11,7,3,tarjeta,0,0,9.3,8.4,0
821,deporte,169545,12.3,3.8,4.32,86,1,8,2,pse,1,1,10,9.4,0
822,tecnologia,338869,31.8,6.7,3.01,44,64,10,3,tarjeta,0,1,8.7,7.5,0
823,deporte,267980,16.3,2.7,4.82,14,37,6,1,pse,1,1,8.3,10,1
824,tecnologia,184788,9.8,12,4.12,275,22,5,1,tarjeta,0,1,9.1,7.3,1
825,hogar,20345,8.1,10.5,,51,49,7,0,billetera,0,1,7,8.8,1
826,moda,126033,8.4,6.7,4.67,25,7,6,2,billetera,0,0,7.4,7.9,1
827,hogar,103552,15.1,5.1,4.42,66,34,9,1,pse,0,1,9.3,10,0
828,tecnologia,212350,8.4,5.1,4.16,15,3,7,2,contraentrega,1,1,8,7.3,0
829,belleza,736122,10.4,10.8,4.79,139,62,6,0,tarjeta,0,1,10,8,0
830,tecnologia,78067,9.4,2.4,4.46,4,10,10,0,contraentrega,0,1,8.6,8.4,0
831,moda,92891,12.3,5.2,4.49,39,2,7,0,pse,0,1,7.6,8.3,0
832,belleza,282912,29.5,9.1,4.67,98,41,13,3,contraentrega,0,1,7.5,7.8,0
833,belleza,75328,22.4,1.7,3.79,19,69,6,0,pse,0,1,5.6,9.2,0
834,tecnologia,78659,20.4,2.8,4.99,17,31,6,0,contraentrega,0,1,10,10,0
835,belleza,138289,12.9,8.5,3.85,13,66,10,2,pse,0,1,7.8,6.9,0
836,hogar,222545,10.5,12,4.21,47,38,9,2,tarjeta,0,1,8.3,8.6,1
837,moda,253450,33.1,10.6,4.06,6,39,7,0,billetera,0,1,7.3,7.4,0
838,hogar,306393,5,4,3.43,58,38,8,1,tarjeta,0,1,6.9,8.7,0
839,belleza,53177,16.6,3,4.52,18,35,8,1,pse,0,1,9.9,10,0
840,belleza,552473,32.3,1.2,4.64,15,32,7,1,tarjeta,0,1,8.9,9.9,0
841,belleza,353143,17.9,2.9,4.24,43,2,4,0,tarjeta,1,1,5.1,9.8,0
842,belleza,211272,24.6,2.3,3.65,107,2,5,1,tarjeta,0,1,6.9,10,0
843,hogar,195473,2.8,2.8,3.8,42,65,7,1,pse,1,1,9.1,9.7,0
844,moda,631053,19.4,5.8,3.93,137,51,4,2,tarjeta,1,1,8.4,7.5,0
845,deporte,54076,15.3,3,4.03,122,39,9,1,tarjeta,0,1,6.2,10,0
846,belleza,499712,14.5,4.5,4.24,20,17,3,1,tarjeta,1,0,9.5,9.7,0
847,belleza,172267,22.7,5.1,4.43,151,41,4,1,pse,0,0,8.1,10,0
848,tecnologia,1208346,26.5,8.4,4.22,17,5,8,0,pse,1,1,4.8,7.7,0
849,deporte,437047,9.5,6.2,4.15,48,5,12,2,tarjeta,0,1,7.7,9.3,0
850,moda,139079,2,3,4,14,16,7,0,pse,1,1,5.1,7.5,0
851,moda,106745,28.1,10.1,4.33,80,66,9,2,tarjeta,0,0,8,7.1,1
852,moda,142813,26.7,7.5,4.14,83,50,9,1,billetera,1,1,9.7,9.1,0
853,deporte,59045,11.2,2.6,4.5,15,24,8,0,pse,0,1,5.6,10,1
854,hogar,71116,33.5,2.4,4.54,57,60,8,2,billetera,1,1,4.4,8.9,1
855,deporte,164811,6.7,1.5,4.64,123,19,6,1,pse,0,0,8.9,9.7,0
856,moda,167724,22.6,3.7,4.62,32,42,8,1,tarjeta,0,1,8.5,9.1,0
857,moda,89892,28.6,3.3,4.39,16,2,10,2,contraentrega,0,0,7.6,8.3,1
858,hogar,38965,12.7,8,4.56,95,36,9,2,tarjeta,1,1,7.8,9.1,0
859,belleza,218515,10.5,6.4,4.55,108,24,3,3,pse,1,0,8.4,7.4,0
860,hogar,152680,33.7,4.2,4.92,117,46,11,3,pse,0,1,7.4,9.1,0
861,moda,168341,26.9,2.1,4.25,87,54,7,0,pse,0,1,6.7,9.8,0
862,deporte,126798,12.6,10.1,4.65,35,47,6,0,billetera,0,1,9.4,8.5,0
863,tecnologia,150668,2.6,2.8,4.23,811,18,11,1,tarjeta,0,1,7.9,10,0
864,deporte,139556,9.1,4.8,3.8,61,26,7,1,contraentrega,0,0,8.6,7.2,0
865,deporte,147013,18.8,7,4.37,12,21,7,1,tarjeta,0,0,10,7.4,1
866,deporte,204660,24.7,6.1,4.09,41,47,7,3,pse,0,1,6.8,6.6,1
867,tecnologia,68382,37.9,3.9,5,63,16,7,1,pse,0,0,4.3,9.2,0
868,hogar,244500,8,11,4.41,5,14,6,1,tarjeta,1,1,8.1,7.4,0
869,tecnologia,90839,11.1,5.6,4,71,32,5,1,tarjeta,1,1,7.6,8.3,0
870,tecnologia,217281,13.5,4.7,4.95,77,13,9,1,tarjeta,0,1,8.9,10,0
871,hogar,381710,7.3,3.3,5,47,2,4,0,pse,0,1,10,9.5,0
872,hogar,690099,13.7,6.9,4,832,72,3,0,billetera,0,1,10,9.3,0
873,tecnologia,95829,13.3,1.4,4.72,44,24,11,0,tarjeta,1,1,7.5,10,0
874,moda,34988,8.8,14,4.37,33,38,5,1,tarjeta,0,1,9.7,5.8,1
875,moda,101538,22.8,2.4,4.56,196,60,11,2,billetera,1,1,8.9,10,0
876,tecnologia,141409,13.8,3,4.18,24,39,10,0,tarjeta,0,0,8.5,9.8,0
877,moda,128029,29.8,2.9,4.54,194,40,8,0,contraentrega,0,1,8.4,9.9,0
878,moda,106536,21.7,3.4,4.6,44,12,5,1,tarjeta,1,1,10,9.8,0
879,tecnologia,251245,12.8,7.1,4.78,20,2,6,0,tarjeta,1,1,9.3,7.7,0
880,moda,275597,16.8,7.7,3.99,65,33,7,1,tarjeta,0,1,7.6,8.7,1
881,hogar,114528,3.3,1.5,4.07,136,71,13,2,tarjeta,0,1,5.3,8.6,0
882,deporte,65596,22.5,1.7,4.88,64,62,5,0,pse,1,1,7.7,10,0
883,belleza,591452,7.1,4.1,3.94,230,6,5,0,tarjeta,0,1,8,8.7,1
884,belleza,541773,10,4.3,4.38,63,44,10,1,pse,0,1,7.1,9.9,1
885,hogar,199142,26.6,1.7,5,73,71,10,1,tarjeta,0,1,7.4,10,0
886,deporte,268501,16.6,5.9,4.16,554,64,14,1,pse,0,0,9.1,8.2,0
887,hogar,550837,12.2,6.2,4.5,37,54,5,0,tarjeta,1,1,10,9.5,0
888,belleza,84703,30.6,3.5,4.28,90,22,12,3,billetera,0,1,8.9,9.9,0
889,moda,77374,6.8,3,4.69,26,21,7,0,pse,0,0,6.4,9.5,0
890,deporte,128705,8.8,2.2,4.4,31,58,9,1,tarjeta,0,1,8.7,10,0
891,moda,90177,20,7.4,4.52,131,16,4,1,tarjeta,0,1,6.8,7.8,0
892,moda,169234,11.5,4.1,3.64,16,50,12,0,tarjeta,1,1,8.3,7.9,0
893,belleza,177390,15.5,12.7,4.76,31,40,7,0,pse,0,1,5.6,7.2,1
894,tecnologia,46241,15.2,4.1,3.34,29,65,6,1,billetera,0,1,6.6,10,0
895,tecnologia,18000,17.2,4.4,4.15,10,42,5,2,billetera,1,1,7.3,10,0
896,deporte,66658,30.6,3.9,4.73,14,20,6,0,tarjeta,0,0,8.8,10,0
897,moda,709576,4.8,6.4,4.06,43,71,5,0,contraentrega,0,1,8.8,8.9,1
898,moda,235039,5,5,4.45,20,4,5,0,tarjeta,0,1,7.8,10,0
899,belleza,54235,14.7,2.8,3.8,42,65,8,0,tarjeta,0,1,10,9,0
900,hogar,507879,27.1,2.3,4.69,23,24,11,0,tarjeta,0,0,8.7,10,0
901,belleza,251550,13.2,3.3,3.41,30,72,10,1,tarjeta,0,1,7.9,7.6,0
902,hogar,164887,7.7,2.7,4.65,95,40,4,2,pse,1,1,8.7,10,0
903,tecnologia,92568,20.2,1.3,3.42,34,66,5,1,billetera,0,0,9.4,9.5,0
904,hogar,431949,10.5,4.9,4.47,15,69,7,1,contraentrega,0,1,10,8.8,0
905,deporte,46138,14,,3.54,9,57,4,2,pse,0,1,10,9.4,0
906,deporte,75228,19.4,5.4,4.35,271,45,4,0,pse,0,1,8.4,10,1
907,hogar,186781,12.4,1.2,4.99,19,1,8,4,pse,0,1,6.9,9.1,0
908,tecnologia,18000,23.9,2,4.75,117,69,8,0,pse,0,1,9.3,10,0
909,hogar,266882,6.8,2.8,4.61,27,59,9,0,tarjeta,0,1,9.5,9.8,0
910,moda,147215,20.3,7,4.52,193,17,5,0,tarjeta,1,0,7.5,8.5,0
911,tecnologia,94998,31.4,8.5,3.93,52,19,13,2,contraentrega,0,1,5.6,7.7,0
912,tecnologia,89298,6.3,3.3,3.89,201,2,9,1,contraentrega,0,1,8.3,7.9,0
913,tecnologia,181637,22,5.9,4.04,44,3,5,0,billetera,0,1,6.4,6.4,0
914,hogar,136005,7.6,3.9,5,25,62,9,0,tarjeta,0,0,6.8,8.7,0
915,hogar,192646,12,3.1,5,85,27,9,1,tarjeta,0,0,7.7,9.9,0
916,belleza,80020,16.4,6.4,4.05,84,55,5,0,tarjeta,0,1,8.7,10,0
917,hogar,156366,3.6,5.4,4.62,29,25,11,1,tarjeta,0,1,7.9,9.1,0
918,tecnologia,32932,11.4,3.3,3.92,41,69,9,1,tarjeta,1,1,7,9.9,0
919,moda,365512,4.5,5.6,5,114,12,4,0,billetera,0,1,7,9.1,0
920,moda,158687,29.9,3.9,4.01,28,67,6,0,pse,0,1,9.9,9.7,0
921,deporte,109282,16.4,5.7,3.67,150,58,8,1,pse,1,1,5.6,8.1,1
922,deporte,136933,27.3,4.4,3.88,19,65,5,1,contraentrega,0,0,7.5,7.8,0
923,belleza,506545,15,2.1,4.48,64,13,8,1,tarjeta,0,1,9.4,10,0
924,deporte,95398,22.9,4.4,4.59,34,48,8,1,contraentrega,1,0,6.3,9.5,0
925,deporte,101225,28.2,1.7,4.44,10,26,3,2,pse,0,1,9.1,8.7,0
926,tecnologia,26128,8.1,3,3.99,37,70,6,0,billetera,0,1,6.6,8.2,0
927,tecnologia,206697,21.7,6.3,4.84,46,33,16,1,pse,0,1,6,9.1,0
928,tecnologia,132751,13.8,5.9,4.01,151,58,10,3,contraentrega,1,1,10,9.2,0
929,deporte,140042,8.9,1.6,4.11,84,69,9,0,pse,0,0,10,10,0
930,moda,805617,3.4,4.2,4.46,90,50,6,1,pse,0,1,6.2,8.2,0
931,tecnologia,355190,5.8,1.7,4.48,135,54,7,0,billetera,0,1,6.2,8.8,0
932,tecnologia,243981,38.9,5.6,,175,2,9,1,pse,0,1,8.8,9.4,0
933,moda,153612,4.4,4.9,3.98,33,21,10,2,contraentrega,1,0,10,7.9,0
934,hogar,528878,3.5,5.2,5,41,6,7,0,billetera,0,0,7,10,0
935,belleza,112755,20.8,6.4,4.09,69,43,5,2,billetera,1,1,7.7,7.7,0
936,moda,105143,9.3,3,4.04,315,21,8,1,contraentrega,0,1,8.6,8.3,0
937,belleza,289514,13.8,2.4,4.37,318,12,3,0,tarjeta,0,1,7.5,10,0
938,deporte,55605,11,5.2,4.04,76,65,10,1,billetera,0,1,7.2,9.1,0
939,tecnologia,38472,11.5,4.4,3.52,46,52,14,0,billetera,0,1,6.5,8.8,0
940,moda,285354,8.9,8.2,4.58,20,14,11,0,pse,1,1,5.6,7.5,1
941,deporte,411750,16.9,4.3,4.87,15,11,10,1,billetera,0,1,8,10,1
942,moda,32884,4.3,5.6,5,84,68,9,0,tarjeta,1,1,8.1,9.6,1
943,moda,289850,9.5,7.6,3.85,113,6,10,1,tarjeta,0,1,8.7,7.6,0
944,belleza,79103,2.5,1.9,4.18,25,37,8,0,tarjeta,0,1,7.1,9.4,1
945,moda,273653,25.2,5.4,4.06,56,3,2,2,pse,0,1,10,8.7,0
946,tecnologia,221400,4.6,6.3,3.4,27,19,8,1,tarjeta,0,1,5.6,7.5,0
947,belleza,68764,9.9,4.3,4.99,112,13,9,1,billetera,0,1,8.4,10,0
948,moda,171501,25.9,3.9,4.45,30,61,9,1,billetera,0,1,8.2,7.9,1
949,deporte,165408,16.7,11.8,4.28,444,68,9,1,pse,0,1,10,7.8,0
950,moda,409371,10.9,3.5,3.87,227,43,11,2,pse,0,0,7.4,10,0
951,moda,208861,10.7,8.2,4.15,34,41,10,0,pse,0,1,10,5.4,0
952,moda,301154,19.6,4.4,4.6,18,32,4,0,tarjeta,0,1,10,10,0
953,hogar,231335,15.9,4.1,5,25,29,2,1,tarjeta,1,0,8.1,9.3,0
954,deporte,509338,26.7,2.2,4.72,20,63,2,0,tarjeta,0,1,8.4,10,1
955,tecnologia,149304,1.4,8.1,4.6,7,66,6,2,tarjeta,1,1,9,9.8,0
956,belleza,496710,10.4,2.8,4.89,26,69,6,0,tarjeta,1,0,8.1,10,0
957,hogar,91843,23.3,4.4,3.7,215,53,6,0,tarjeta,1,1,6.5,9.7,0
958,moda,100951,8.2,4.6,4.06,53,25,6,3,tarjeta,0,1,7.4,6,1
959,deporte,277993,6,3.6,4.36,28,60,8,1,pse,0,0,9.8,10,1
960,belleza,120373,6.5,3.5,3.88,25,60,11,3,tarjeta,1,0,8.5,9.1,1
961,deporte,55369,6.3,4.6,4.01,176,50,2,0,tarjeta,0,1,7.3,8.7,0
962,deporte,101706,12.7,4.9,4.71,73,24,11,2,billetera,0,1,9.9,8,0
963,moda,27895,5,1.4,4.26,62,51,10,0,billetera,0,1,7.3,9.7,0
964,belleza,51641,14.2,3.1,4.47,150,69,10,0,pse,1,1,9.3,10,0
965,moda,855050,29,3.1,3.83,201,50,8,3,pse,0,1,8.9,9.7,0
966,deporte,201895,23.4,4.5,3.79,31,10,5,0,tarjeta,0,1,10,8.3,0
967,tecnologia,26832,16.8,2.2,4,8,19,4,1,contraentrega,1,1,4.7,8.7,1
968,deporte,90025,12.2,1.6,4.3,22,60,7,2,tarjeta,0,1,7.5,7.4,0
969,moda,99870,14.8,12,3.47,90,49,10,2,tarjeta,1,0,6.4,8.5,1
970,hogar,653286,17.6,2,4.32,167,19,6,2,contraentrega,0,1,5.9,8.6,0
971,deporte,115023,8.1,2.7,4.31,4,23,9,2,contraentrega,0,0,8.5,8.4,0
972,tecnologia,167037,13.8,3,4.62,461,60,10,1,pse,0,1,7.8,9.9,1
973,belleza,53724,4.6,1.7,4.55,28,40,6,2,pse,0,1,8.3,10,0
974,hogar,83026,20,4.7,3.88,37,13,7,1,tarjeta,1,0,6.3,8,0
975,tecnologia,360500,20.3,5.3,4.11,390,57,7,1,tarjeta,1,1,8.2,8.6,0
976,deporte,814971,21.6,5.6,3.9,36,2,7,2,billetera,1,1,10,10,1
977,hogar,49549,6.8,2.3,4.38,15,50,4,0,pse,0,1,9.6,10,0
978,belleza,181354,5.5,1.9,4.14,13,32,7,1,tarjeta,1,1,7.7,9.1,1
979,moda,388038,7.9,4.9,4.94,31,54,7,1,contraentrega,0,1,9,10,0
980,moda,40105,17.7,1.6,3.61,58,38,8,0,tarjeta,0,1,8.6,10,1
981,hogar,124478,1.7,5.9,4.47,12,33,12,3,tarjeta,0,0,7.5,7.9,1
982,hogar,208178,14.7,,3.8,4,17,12,2,pse,0,1,8.7,9.5,0
983,moda,284797,14,3.3,5,35,25,5,1,billetera,0,1,5.8,8.6,0
984,tecnologia,272268,11.3,4.4,4.01,414,57,12,0,contraentrega,0,1,8.8,8.9,0
985,tecnologia,221924,17.3,1.3,4.54,294,24,6,1,billetera,0,1,6.8,8.4,0
986,belleza,315229,21.5,3.5,4.48,154,56,5,0,contraentrega,1,1,8.8,10,0
987,moda,169462,9.1,4.7,3.69,37,24,4,0,tarjeta,1,1,7.8,9.2,1
988,moda,193734,20.7,4,4.33,93,41,9,3,billetera,1,1,7.2,8.4,0
989,hogar,303679,27.9,5.4,4.78,22,9,8,0,tarjeta,0,1,6.5,9.4,0
990,deporte,838265,29.7,4.3,4.77,82,25,2,1,billetera,1,1,8,8.6,0
991,belleza,192748,27.2,2.3,4.94,67,4,7,0,billetera,1,1,7.5,10,0
992,tecnologia,914291,24.2,2,4.01,85,48,6,1,tarjeta,0,0,6.4,9.4,0
993,hogar,286128,4.9,3.1,4.2,52,72,3,0,pse,0,1,8.1,8.9,0
994,deporte,193043,26.5,2.6,3.94,50,8,5,1,billetera,1,1,8.3,8.8,0
995,moda,186859,5.5,2.5,3.93,11,60,10,1,pse,0,0,4,7.7,0
996,deporte,878734,26.7,2,4.12,16,58,6,0,billetera,0,1,4.5,8.9,1
997,moda,201389,12.3,3.8,4.56,203,28,12,3,tarjeta,1,1,5.7,9.9,1
998,belleza,97291,29.2,4.1,4,39,66,8,2,pse,0,1,7.8,8.3,0
999,moda,210874,37.5,9.1,4.22,93,10,5,1,pse,0,1,8.1,8.6,0
1000,hogar,649458,22.1,2,4.52,36,53,11,2,pse,1,1,9.3,10,1
1001,hogar,123662,14.8,7.3,4.07,8,64,7,1,contraentrega,1,1,7.5,8.3,1
1002,deporte,424307,7.5,9.2,5,209,2,10,2,tarjeta,1,1,5.3,8.2,1
1003,belleza,40653,6.5,3,4.11,63,17,9,1,pse,1,1,6.6,10,0
1004,hogar,81600,12.6,3.3,4.08,9,52,9,0,contraentrega,0,1,7.3,8.6,0
1005,moda,135613,28.1,5,3.46,20,6,4,2,contraentrega,0,1,8.6,7.1,1
1006,hogar,43252,8.5,6.5,5,49,59,6,2,billetera,1,1,6.7,8.6,0
1007,deporte,68477,23.4,7.9,4.19,362,57,7,2,pse,1,1,6.4,7.1,1
1008,belleza,199837,20.6,6.2,4.15,120,45,10,1,tarjeta,0,0,6.1,6.8,1
1009,tecnologia,641766,7.8,2.5,4.23,43,29,3,2,pse,0,1,10,9.4,1
1010,moda,118748,24.2,3.4,5,8,4,9,2,tarjeta,1,1,8.2,9.1,0
1011,belleza,198860,6.6,8.2,3.35,48,61,8,0,contraentrega,1,1,7.3,5.8,0
1012,hogar,425651,5.2,7.3,4.85,116,62,11,0,billetera,0,1,5.6,8.3,0
1013,hogar,543556,25.3,5.6,4.57,70,46,8,1,pse,0,1,7.4,8.5,0
1014,tecnologia,252330,21.5,1.4,5,24,49,7,0,contraentrega,0,1,8.7,9.5,0
1015,deporte,345568,7.9,3.6,5,197,3,8,2,billetera,0,1,7,8.9,0
1016,hogar,53717,6.7,2.6,4.85,31,1,6,0,tarjeta,0,1,9.2,10,0
1017,deporte,224749,9.9,6.5,4.4,193,57,6,0,tarjeta,0,0,6.3,7.8,1
1018,tecnologia,474926,12.8,2.2,4.66,17,28,9,2,tarjeta,0,0,9,9.8,1
1019,moda,119510,13.5,7.1,4.56,41,51,15,7,tarjeta,0,1,7.5,5.4,1
1020,belleza,841348,19.7,3.1,5,24,33,7,2,tarjeta,0,1,10,10,0
1021,hogar,716107,23,3.4,4.46,21,26,11,0,billetera,0,1,8,8.4,0
1022,moda,319939,19.3,2.1,3.88,105,47,3,1,tarjeta,0,1,3,8,0
1023,belleza,57783,29.7,6,5,11,58,8,1,pse,0,1,8.4,8.8,0
1024,belleza,497199,34.4,14,4.73,24,61,8,2,tarjeta,1,1,10,7.2,0
1025,deporte,430948,3.2,10.6,4.1,3,64,8,1,pse,1,1,7.4,7.6,1
1026,belleza,272517,17.6,6.5,4.13,55,64,7,2,tarjeta,0,1,10,8.2,0
1027,tecnologia,36864,16.1,7.7,4.21,294,56,9,1,pse,0,1,6.3,8.2,0
1028,hogar,239403,14.3,3.4,4.6,44,58,8,3,tarjeta,0,1,6.9,7.1,0
1029,deporte,101405,12.8,3.7,3.83,30,45,9,1,pse,0,1,6.4,10,1
1030,deporte,164071,14.2,6.3,4.64,88,72,6,1,billetera,1,1,8.5,9.4,0
1031,moda,111591,15.6,2.6,4.26,48,23,4,1,contraentrega,0,1,10,8.6,0
1032,hogar,68653,11.1,3.6,3.55,52,51,5,0,billetera,0,1,6.9,9.7,0
1033,hogar,359733,5.5,5.6,3.98,12,27,6,0,tarjeta,0,1,6.6,9.3,1
1034,hogar,246633,16.2,6.7,4.36,82,29,8,1,tarjeta,0,1,8.3,8.7,0
1035,deporte,241829,15.5,3.2,4.9,6,30,8,4,pse,0,1,7.4,9.2,0
1036,tecnologia,493753,10.1,1.7,4.74,50,43,7,0,billetera,1,1,8.3,10,0
1037,hogar,92491,13.2,3.3,4.67,6,5,6,3,tarjeta,0,1,8.3,8.6,0
1038,hogar,120316,18.9,5.2,4.63,60,5,6,0,pse,0,1,6.5,8.9,0
1039,deporte,199562,15.1,5.3,4.75,78,43,11,1,pse,0,0,10,9.8,0
1040,hogar,148248,5.9,3.3,5,61,72,5,3,pse,0,0,10,9.9,0
1041,hogar,186572,27.6,3.2,3.85,23,29,7,0,tarjeta,0,1,7.7,10,1
1042,deporte,343593,9.6,13.9,4.23,10,51,5,0,tarjeta,1,1,9,7.5,1
1043,tecnologia,106907,20.9,2.9,4.79,39,46,7,0,pse,0,1,6.8,10,1
1044,hogar,38645,8.3,8.9,4.63,15,31,6,0,contraentrega,1,0,8.5,10,0
1045,moda,174536,8.4,1.7,4.46,50,15,8,0,tarjeta,1,0,8.7,9.3,1
1046,deporte,797936,20.3,6.2,4.26,232,25,4,0,billetera,1,1,8.2,10,0
1047,moda,40519,8.1,,4.47,75,72,11,1,tarjeta,1,1,4.6,9.5,0
1048,moda,69096,31,3.4,4.75,75,43,5,2,billetera,1,0,10,9.3,0
1049,belleza,43990,6.6,9.8,5,33,69,4,1,pse,0,0,10,7.2,0
1050,deporte,65076,25.3,5.2,4.87,57,61,10,0,pse,0,1,10,9.9,0
1051,belleza,388253,10.6,1.3,3.83,103,66,8,2,tarjeta,0,1,,8.8,0
1052,belleza,337117,24.8,4.3,3.71,40,32,7,1,billetera,0,1,10,9.4,0
1053,belleza,276352,17.3,3.2,4.11,13,59,3,1,tarjeta,1,1,8.3,10,0
1054,moda,80745,5.2,4.8,4.94,23,39,7,1,billetera,0,1,9.4,9.7,0
1055,tecnologia,212757,10.8,7.7,3.7,102,7,8,1,billetera,0,0,7.1,6.5,1
1056,moda,112678,11.2,6.8,4.64,9,14,9,1,tarjeta,1,1,9.2,9.4,1
1057,moda,55333,2.7,2.9,4.22,8,34,7,1,tarjeta,0,1,4.2,6.8,1
1058,hogar,78231,26.1,2.8,4.12,45,46,7,4,tarjeta,0,0,9.3,8.8,0
1059,tecnologia,124999,19,2.5,5,45,12,4,0,tarjeta,0,1,10,10,0
1060,tecnologia,203075,2.6,3.9,3.63,19,10,7,0,pse,0,1,9.3,9.6,0
1061,hogar,262998,11.3,5.2,3.67,109,67,10,0,tarjeta,0,0,6.2,7.4,0
1062,hogar,765966,6.4,4.4,4.77,16,57,5,1,pse,0,1,7.1,10,0
1063,moda,128402,29.8,3.2,4.3,7,22,5,0,contraentrega,1,0,7.1,9.5,1
1064,tecnologia,24212,15.9,8.5,4.76,24,57,7,1,pse,0,1,7.5,10,1
1065,moda,117588,12.8,6.9,4.55,297,69,6,2,pse,0,1,8.3,7,0
1066,moda,418759,12.2,10.6,4.7,54,5,14,3,contraentrega,0,1,10,6.1,0
1067,moda,152004,5.7,2.9,4.77,17,34,10,2,billetera,0,1,5.7,8.7,0
1068,belleza,381047,11.4,3.3,4.03,139,69,7,1,tarjeta,0,1,9.3,7.9,0
1069,hogar,71634,26.5,3.8,4.6,124,35,9,3,tarjeta,0,1,6.8,9.2,1
1070,tecnologia,347450,10.7,3.4,3.89,11,26,10,0,pse,0,1,7.2,9,0
1071,tecnologia,94683,24.8,5,4.69,21,50,13,0,contraentrega,0,1,5.2,9.4,0
1072,deporte,759477,14.1,4.8,4.36,19,49,4,0,billetera,0,1,8.5,10,1
1073,deporte,97114,16.8,1.9,,97,24,12,2,pse,0,0,9.6,8.5,0
1074,hogar,304655,9.1,4.2,4.25,38,39,6,0,billetera,0,1,10,10,0
1075,tecnologia,320516,8.4,4.1,4.73,168,36,7,1,billetera,0,1,8.4,9.6,0
1076,tecnologia,162642,24.1,3.8,4.95,135,69,13,3,contraentrega,0,0,10,10,0
1077,hogar,243249,16.2,3.2,4.04,133,32,6,2,pse,0,1,7.6,7.5,0
1078,moda,257420,23.3,3.2,4.06,152,12,6,0,tarjeta,0,1,8.4,9.4,0
1079,hogar,28633,13.8,6.3,3.84,15,49,7,1,billetera,0,1,9.9,7.3,0
1080,moda,63353,10,5.2,4.01,95,67,6,1,tarjeta,0,1,7.7,8.9,1
1081,moda,166520,11.7,9.2,4.95,76,58,12,1,contraentrega,0,1,5,7.9,0
1082,belleza,89265,23.2,5.8,4.09,176,2,8,0,tarjeta,1,1,8.6,9.2,0
1083,deporte,53926,34.7,2.8,3.74,147,7,11,1,contraentrega,0,1,8.5,7.2,1
1084,tecnologia,70901,8.4,9.5,3.64,50,56,10,2,pse,0,1,8.1,10,0
1085,moda,249672,5.2,1.9,3.35,7,58,6,1,pse,0,1,8.5,8.6,1
1086,hogar,50692,7,7,5,59,2,8,2,pse,0,1,9.1,7.9,0
1087,moda,60631,11.3,2.4,4.13,18,24,4,1,pse,0,1,8.6,10,0
1088,belleza,192882,14.6,,3.74,64,36,5,2,pse,0,1,8.8,8.3,1
1089,moda,35904,5.6,6.7,3.96,17,25,5,1,tarjeta,0,0,6.2,7.5,1
1090,moda,339270,7.9,2.1,4.35,217,43,6,2,pse,0,1,7.9,7.7,1
1091,moda,160623,1.2,5.8,4.52,31,56,5,1,billetera,1,1,8.4,7.9,1
1092,tecnologia,839880,13.8,7.2,4.13,15,43,8,1,contraentrega,0,1,9.4,8.5,0
1093,deporte,98832,6.7,8.4,4.35,56,62,5,0,pse,1,1,9.7,8.2,0
1094,deporte,293346,21.3,1.8,3.99,74,51,7,0,billetera,1,1,6.4,10,0
1095,deporte,72051,9,4.7,4.14,74,30,5,1,contraentrega,1,1,8.3,8.6,1
1096,hogar,223203,10.4,6.1,4.25,12,56,7,1,contraentrega,0,1,10,10,0
1097,moda,86122,5.3,2.6,4.43,37,24,4,0,contraentrega,0,1,8.8,8.8,1
1098,tecnologia,133145,7.1,4.2,4.57,11,9,10,1,billetera,0,0,8.7,7.8,0
1099,moda,69931,16.1,6.9,4.63,53,8,4,1,tarjeta,0,1,9.4,9.8,0
1100,moda,176593,21.1,13.2,4.09,16,61,9,2,tarjeta,0,0,9.9,4.6,1
821,deporte,169545,12.3,3.8,4.32,86,1,8,2,pse,1,1,10,9.4,0
111,deporte,221361,14,7.1,4.19,57,70,8,1,billetera,1,1,9.8,8.1,0
767,deporte,48234,30.7,3.6,4.88,292,31,9,1,tarjeta,0,1,9.5,10,1
227,moda,69836,34.8,1.7,3.59,63,8,5,0,pse,0,1,5.5,8.9,1
190,moda,220345,24.2,5.9,4.82,222,49,16,1,tarjeta,0,1,7.3,9.4,0
641,moda,83065,11.1,2.7,3.66,107,49,6,1,tarjeta,1,1,6.4,8.8,0
874,moda,34988,8.8,14,4.37,33,38,5,1,tarjeta,0,1,9.7,5.8,1
348,moda,45071,16.9,3.8,3.61,54,41,7,0,pse,0,1,7.9,9.9,1
